target,model,phase,MAE,RMSE,R2,MAPE,WMAPE
outgoing_trips,Linear Regression,val,135.98979285672527,201.7525528097507,0.8792576581526258,40.402810251191795,19.534318326101204
outgoing_trips,Linear Regression,test,149.20639776284236,228.505725812546,0.8708850999393745,38.61351942447078,19.615415608156265
outgoing_trips,Linear Regression,test_forecast_weather,150.13694423362952,229.6146170774839,0.8696289232527407,43.14662493114014,19.737749878273863
outgoing_trips,Polynomial Regression,val,111.84246488160363,165.3028286129446,0.9189445748716448,37.23956596878704,16.065663940490325
outgoing_trips,Polynomial Regression,test,132.39726315915962,196.12639447377796,0.9048838466286117,42.15644417222971,17.40560311882352
outgoing_trips,Polynomial Regression,test_forecast_weather,138.41740882667276,210.65300772100514,0.8902719861253013,43.402873064658806,18.197041428845637
outgoing_trips,Random Forest,val,124.17675418555119,200.99205686509313,0.8801662067384262,24.750646608169287,17.837428780542588
outgoing_trips,Random Forest,test,143.0373496840844,233.59284022330263,0.8650722606554863,26.74895842423079,18.804401846106508
outgoing_trips,Random Forest,test_forecast_weather,148.46857110853014,244.66674649680795,0.8519760178836961,28.06125116112722,19.518417244224757
outgoing_trips,HistGradientBoosting,val,123.9637199885572,195.43861150665015,0.886696779392481,25.48750029335986,17.806827382224334
outgoing_trips,HistGradientBoosting,test,155.9846309744082,248.73677757886475,0.8470102986274896,28.296976781321924,20.50651587950792
outgoing_trips,HistGradientBoosting,test_forecast_weather,165.85914199680755,266.08045485429733,0.8249314486320114,30.019505715096713,21.80466824117508
outgoing_trips,Soft Two-Stage,val,127.93147935182992,199.8133215977344,0.8815676364996664,25.118980887399438,18.37677805878134
outgoing_trips,Soft Two-Stage,test,161.49812426432624,253.5489758046749,0.8410333908006175,28.15433339434626,21.23134714650508
outgoing_trips,Soft Two-Stage,test_forecast_weather,169.96233763315624,268.7467699814202,0.8214052467520444,29.89496484101643,22.344094759979466
outgoing_trips,GAM,val,194.98136229935164,278.4878028039989,0.7699438354270647,47.83473853940938,28.008190311939572
outgoing_trips,GAM,test,251.11431517292291,345.23873208239206,0.7052721232100302,52.53319203863739,33.012737597912164
outgoing_trips,GAM,test_forecast_weather,251.11431517292291,345.23873208239206,0.7052721232100302,52.53319203863739,33.012737597912164
outgoing_trips,XGBoost,val,121.59485195946831,193.36756172671357,0.8890853891781665,25.425959490229065,17.466550210087604
outgoing_trips,XGBoost,test,153.30918045392878,245.4815906941172,0.8509884105632719,28.641757830537205,20.15478783912136
outgoing_trips,XGBoost,test_forecast_weather,163.33260338977303,262.81890727145503,0.8291970370805102,30.491199597826768,21.472516902022672
outgoing_trips,LightGBM,val,123.63427437734111,194.7295237286983,0.8875174583827449,25.70019362334025,17.759504011069467
outgoing_trips,LightGBM,test,156.62678891437469,249.36516365051673,0.8462363235540571,28.337798534781466,20.590937158135265
outgoing_trips,LightGBM,test_forecast_weather,165.3511829788736,265.1795521613692,0.8261149457326253,30.352449228023282,21.7378894207084
outgoing_trips,Poisson,val,256.98966766367886,558.5994057742953,0.07440189585694601,52.47920951681944,36.91540276078149
outgoing_trips,Poisson,test,336.71002904082445,746.4189038760505,-0.3776771308590776,53.040162791804505,44.26557612876666
outgoing_trips,Poisson,test_forecast_weather,357.1330476994629,789.3873126325022,-0.5408574888323574,56.14670294542854,46.95048780124782
outgoing_trips,Naive (same hour last week),val,154.5969486508027,261.11721122156786,0.7977481442398757,34.49120762242291,22.207152049789684
outgoing_trips,Naive (same hour last week),test,171.48258933668228,296.57637822647257,0.7825019817773914,36.60905204803879,22.543954614789907
outgoing_trips,Naive (same hour last week),test_forecast_weather,171.48258933668228,296.57637822647257,0.7825019817773914,36.60905204803879,22.543954614789907
outgoing_trips,ARIMA,val,497.9598100543129,661.5279629080799,-0.29812923552390824,275.31258291707854,71.52967321197579
outgoing_trips,ARIMA,test,541.1439009170224,719.176673347644,-0.278949435554918,273.6679044777436,71.14147033546155
incoming_trips,Linear Regression,val,135.6966714401793,200.5260568654206,0.879521867051458,39.96900489081251,19.492152190445125
incoming_trips,Linear Regression,test,148.6158431166891,227.44632720572076,0.8711921853788386,38.302600198190135,19.537672787693534
incoming_trips,Linear Regression,test_forecast_weather,149.50352644154327,227.9845977142068,0.8705817953110827,42.960287298090265,19.654371424772734
incoming_trips,Polynomial Regression,val,111.3594115307602,164.59670968282413,0.9188275041907216,36.639417022963826,15.996225805383096
incoming_trips,Polynomial Regression,test,132.2752694854555,195.67936119848895,0.9046601642677967,42.028256739708866,17.389471263044626
incoming_trips,Polynomial Regression,test_forecast_weather,137.6689904567471,209.17770329271332,0.8910530350895092,43.376447642245566,18.098552833590734
incoming_trips,Random Forest,val,124.79006217812709,200.78666127842635,0.879208515903742,25.38737411509835,17.925471995851257
incoming_trips,Random Forest,test,146.3040124014054,238.9944362838343,0.8577802414106058,27.424770554605875,19.233749658715375
incoming_trips,Random Forest,test_forecast_weather,149.72033111609665,245.71813564876427,0.8496654581197304,28.63507295134346,19.682873492260516
incoming_trips,HistGradientBoosting,val,122.9995252365926,192.45079445357575,0.8890298898254084,26.022143116608447,17.668270266460347
incoming_trips,HistGradientBoosting,test,155.06407626086423,246.4746427238867,0.848738345299049,28.549132790174664,20.38538502743594
incoming_trips,HistGradientBoosting,test_forecast_weather,162.27211750652683,259.24448128534954,0.832658600961665,30.222177654182136,21.332984881829525
incoming_trips,Soft Two-Stage,val,121.71965344951414,189.81542644405363,0.892048268985074,26.20033624550824,17.484423047562363
incoming_trips,Soft Two-Stage,test,154.44250964963888,243.1835041973068,0.8527509234369616,29.218318241182967,20.30367122888526
incoming_trips,Soft Two-Stage,test_forecast_weather,161.08246920838099,255.3724615256768,0.837620021051262,30.916051155850997,21.176588641064267
incoming_trips,GAM,val,190.37170104047976,271.85278116718075,0.7785711719449322,47.357150816573245,27.34594835711063
incoming_trips,GAM,test,242.76949770856092,334.953697619223,0.7206466342318749,51.527891150932284,31.915513915554662
incoming_trips,GAM,test_forecast_weather,242.76949770856092,334.953697619223,0.7206466342318749,51.527891150932284,31.915513915554662
incoming_trips,XGBoost,val,123.37480015616529,194.4876690114859,0.886668472273005,27.531475713474286,17.722176642850666
incoming_trips,XGBoost,test,155.46735965925913,249.67786753483628,0.8447811547048154,30.575836228649848,20.43840238354892
incoming_trips,XGBoost,test_forecast_weather,162.21841351532586,261.69272967775714,0.8294830051972524,31.921541539547594,21.325924726024642
incoming_trips,LightGBM,val,119.65725905763908,186.73679844048726,0.8955216228720024,26.509413629063417,17.18817034706137
incoming_trips,LightGBM,test,148.46201108025306,236.75828107457772,0.8604291536937927,28.81862272326663,19.51744937187782
incoming_trips,LightGBM,test_forecast_weather,154.97155556584931,249.05184839650104,0.8455585415934395,30.536151319786146,20.373221862140888
incoming_trips,Poisson,val,262.752856359131,565.4154568395508,0.042140184168767525,54.439977623818315,37.74314145121952
incoming_trips,Poisson,test,345.7534947499475,762.5773640851787,-0.4479453649451941,54.64437928391569,45.45422953542024
incoming_trips,Poisson,test_forecast_weather,368.5579549197732,809.2567216752009,-0.630635849799795,57.98234959398809,48.452201161824924
incoming_trips,Naive (same hour last week),val,154.44791073665036,259.9083890838389,0.797601543743981,34.609837833334176,22.185674487249564
incoming_trips,Naive (same hour last week),test,170.94040415572553,295.6289957694066,0.7823902190954695,36.440669280212475,22.4725548269329
incoming_trips,Naive (same hour last week),test_forecast_weather,170.94040415572553,295.6289957694066,0.7823902190954695,36.440669280212475,22.4725548269329
incoming_trips,ARIMA,val,496.603217031243,658.9883600466901,-0.30113418654916213,270.48131573384717,71.33458309553986
incoming_trips,ARIMA,test,539.993898174884,717.2407002284231,-0.2808969962370844,265.10099887414094,70.98990167292082
