station_id,station_name,target,model,phase,MAE,RMSE,R2,MAPE,WMAPE
31110,,outgoing_trips,Linear Regression,val,0.993177739488455,1.489491837710544,0.4161278504748104,56.67614940026502,65.96400548946689
31110,,outgoing_trips,Linear Regression,test,1.0121062471227746,1.5031457674731292,0.3848742188432531,57.59169400217908,66.25589401007761
31110,,outgoing_trips,Polynomial Regression,val,1.0461911613407073,1.9823393257151551,-0.03418324630432901,57.57957987344734,69.48500431076401
31110,,outgoing_trips,Polynomial Regression,test,1.1771352529497372,3.011065800113599,-1.4683243368773895,60.710128507522775,77.05925022860052
31110,,outgoing_trips,Random Forest,val,1.0450538345464855,1.5049314705515635,0.40396062187173887,57.1253838053519,69.40946634015262
31110,,outgoing_trips,Random Forest,test,1.0779495644453718,1.5197296530333182,0.3712262420798902,57.74257301384703,70.56621999235433
31110,,outgoing_trips,HistGradientBoosting,val,0.9694932305972835,1.5206243917149225,0.39146521294005976,52.93949693689841,64.39094861113084
31110,,outgoing_trips,HistGradientBoosting,test,0.9909811599842601,1.5221689622128836,0.36920613998868124,53.05797014121784,64.87297444171998
31110,,outgoing_trips,Soft Two-Stage,val,1.0019288132865685,1.506331917283563,0.40285079089316445,52.539716431194414,66.54522661143322
31110,,outgoing_trips,Soft Two-Stage,test,1.0253091184059226,1.51008758041632,0.37917956401826747,52.30878352196455,67.12019856590041
31110,,outgoing_trips,GAM,val,1.0469878448394951,1.488877452820435,0.41660942175241844,58.233191314574405,69.53791773461347
31110,,outgoing_trips,GAM,test,1.1027319058914469,1.5202188760604227,0.37082135412793427,60.71163536977201,72.188555782535
31110,,outgoing_trips,XGBoost,val,1.0019596347718698,1.5226194154076427,0.38986739861907727,50.59775064495589,66.547273685733
31110,,outgoing_trips,XGBoost,test,1.0216455102651303,1.5238050495435114,0.3678494069273628,50.58011264781464,66.88036640068965
31110,,outgoing_trips,LightGBM,val,0.9665000653703056,1.5132530899793966,0.397350717928733,52.95645701456929,64.19215119591193
31110,,outgoing_trips,LightGBM,test,0.9865884809532262,1.5162228571910552,0.3741247012687001,53.07266728577773,64.58541483310395
31110,,outgoing_trips,Poisson,val,1.0972670277130057,1.535506582974043,0.3794955933296239,50.78502328024368,72.87731627649221
31110,,outgoing_trips,Poisson,test,1.104818312896784,1.5313393122253451,0.36158277442185627,50.6112100339498,72.32513903335523
31110,,outgoing_trips,Naive (same hour last week),val,1.2860070590914265,2.0146056689501983,-0.06812383928618582,81.52805187931584,85.41288566243193
31110,,outgoing_trips,Naive (same hour last week),test,1.344445712980934,2.0498970371142358,-0.14399948349936764,82.91814389455719,88.01195814648729
31110,,incoming_trips,Linear Regression,val,0.9546996200891493,1.4411934214704243,0.4549134579368945,54.29602612467068,63.915898797492176
31110,,incoming_trips,Linear Regression,test,0.9768209693465245,1.442786329558624,0.40186706925636007,56.822516463857184,67.06360613345515
31110,,incoming_trips,Polynomial Regression,val,0.99262514528874,1.632272069295954,0.30079259996504193,57.00801612070768,66.45496342000918
31110,,incoming_trips,Polynomial Regression,test,1.079102626410585,2.183515467301373,-0.36995474661522043,62.028883457375905,74.08574937082861
31110,,incoming_trips,Random Forest,val,0.9882967170802842,1.4493918084586337,0.4486942495179186,53.81016669861097,66.16518077685903
31110,,incoming_trips,Random Forest,test,1.0171731451337367,1.4512595349371842,0.3948210014400484,56.706866284404356,69.83398321230914
31110,,incoming_trips,HistGradientBoosting,val,0.9186911203148539,1.4466576383147216,0.4507722824547903,49.97607425950607,61.50517653575244
31110,,incoming_trips,HistGradientBoosting,test,0.9388589412155781,1.4376813835326452,0.4060922748146579,51.981162559197315,64.45732455014304
31110,,incoming_trips,Soft Two-Stage,val,0.9369196652166493,1.4355069589811817,0.4592064266854541,49.32317448361188,62.72555392634981
31110,,incoming_trips,Soft Two-Stage,test,0.9595841509403511,1.4207955454907533,0.41996146127482525,51.36307139556781,65.88021302779852
31110,,incoming_trips,GAM,val,1.0406404169569565,1.4737425662078454,0.43001402129926414,58.52569683079396,69.669523455545
31110,,incoming_trips,GAM,test,1.1586723320579255,1.5663094661802828,0.2950654096827656,66.99825942604575,79.5486044559913
31110,,incoming_trips,XGBoost,val,0.9306145268256506,1.4391279952568474,0.4564747047172303,48.65263686822349,62.303433105493475
31110,,incoming_trips,XGBoost,test,0.9479089068064849,1.4270708744565135,0.4148263508363328,50.59683601401844,65.07864959020225
31110,,incoming_trips,LightGBM,val,0.9132834553261738,1.4404757224705684,0.4554562173632397,50.03686799443295,61.143140392787444
31110,,incoming_trips,LightGBM,test,0.9346159168043222,1.4310685753322288,0.41154322608082927,52.326538724673235,64.16601987215125
31110,,incoming_trips,Poisson,val,1.0546823132794763,1.477928207627743,0.42677173879640584,47.83612288487073,70.60961016490312
31110,,incoming_trips,Poisson,test,1.0627785403419292,1.471944940166056,0.37744631785982374,49.60986984900993,72.96501986874868
31110,,incoming_trips,Naive (same hour last week),val,1.2237276556985084,1.9460443710429847,0.006137294753199574,78.4568982920465,81.9269761414742
31110,,incoming_trips,Naive (same hour last week),test,1.2350724968603721,1.9290414848696784,-0.06924397308145358,81.16667034991178,84.79385483618121
31129,,outgoing_trips,Linear Regression,val,1.1512117394270756,1.9378750340516429,0.3925448065266759,68.36359744454468,75.21455558571752
31129,,outgoing_trips,Linear Regression,test,1.045729427455943,1.7868325745806974,0.4075611717543196,67.77865443709351,76.46972829426119
31129,,outgoing_trips,Polynomial Regression,val,1.2622216461351448,2.47779907847994,0.00689564066727999,67.96187292363683,82.46740101171596
31129,,outgoing_trips,Polynomial Regression,test,1.1736322195513285,2.0366242755935464,0.2303422905025072,68.75894673769277,85.82271339998402
31129,,outgoing_trips,Random Forest,val,1.1937524737874345,1.9377001197176078,0.3926544604760043,69.29439875656989,77.99395951257188
31129,,outgoing_trips,Random Forest,test,1.134606642775222,1.8200698164882556,0.3853160309213636,72.56872630964153,82.96893958981609
31129,,outgoing_trips,HistGradientBoosting,val,1.5305704201297963,2.9197198064454466,-0.37893903590706324,100.0,100.0
31129,,outgoing_trips,HistGradientBoosting,test,1.3675077063591734,2.6943043950302124,-0.3470046996494742,100.0,100.0
31129,,outgoing_trips,Soft Two-Stage,val,1.1022596167409169,1.9086216906985365,0.4107461560543365,61.83213437411044,72.01626284189149
31129,,outgoing_trips,Soft Two-Stage,test,1.0196558924650723,1.7557726908721727,0.42797847508860687,62.78287656762854,74.5630820011819
31129,,outgoing_trips,GAM,val,1.2311901112010424,1.9532995269079079,0.38283625763971607,69.5354310027952,80.43995199493234
31129,,outgoing_trips,GAM,test,1.229093635808438,1.8859227344500307,0.34003092818308545,73.98244165828011,89.87836997867848
31129,,outgoing_trips,XGBoost,val,1.0814345424664664,1.93906712146299,0.3917972222869254,65.35433453537965,70.65565414329372
31129,,outgoing_trips,XGBoost,test,1.0101735149647404,1.7950766227072807,0.40208179853937265,67.12337638923384,73.86967621953715
31129,,outgoing_trips,LightGBM,val,1.0668988462369393,1.9288372308026702,0.3981976564116655,67.93858678236839,69.70596270549014
31129,,outgoing_trips,LightGBM,test,0.9955678013854992,1.7867017510227265,0.4076479198013586,70.22719733529776,72.8016227444948
31129,,outgoing_trips,Poisson,val,1.2713191806956259,1.9880082104905432,0.3607083065800022,61.275983444234484,83.06178951163939
31129,,outgoing_trips,Poisson,test,1.1980821177007583,1.8335194849812881,0.3761978732290069,62.03253348172779,87.6106300629566
31129,,outgoing_trips,Naive (same hour last week),val,1.5867015826027553,2.7539006937583594,-0.22675903438849088,101.3955376850362,103.66733616008332
31129,,outgoing_trips,Naive (same hour last week),test,1.413403356547551,2.512078369123439,-0.17096026938262843,97.17545843510489,103.35615294706963
31129,,incoming_trips,Linear Regression,val,1.2248821833949348,1.9468029309718586,0.35803130280966955,68.74894121290134,77.86725692499792
31129,,incoming_trips,Linear Regression,test,1.108734862198906,1.7970003928032687,0.3881617842701691,67.24128759272635,75.8466780537349
31129,,incoming_trips,Polynomial Regression,val,1.3476162013040847,3.185712976227608,-0.7190288219439747,69.75457260298437,85.66960839645176
31129,,incoming_trips,Polynomial Regression,test,1.2251163868773338,2.142233914142073,0.1304910902193933,66.82061333186195,83.80814146093851
31129,,incoming_trips,Random Forest,val,1.3157689162549508,1.9925382501451208,0.3275140679775451,74.96919290962188,83.64503757576168
31129,,incoming_trips,Random Forest,test,1.229933544098587,1.87473946707424,0.3340799361079404,74.36318018828374,84.13767504498222
31129,,incoming_trips,HistGradientBoosting,val,1.172333541218934,2.001739341195318,0.32128895207952535,73.97844518152561,74.52667553941733
31129,,incoming_trips,HistGradientBoosting,test,1.0447195354498706,1.8191679724037944,0.3729735539302028,71.77074920216604,71.46749774293515
31129,,incoming_trips,Soft Two-Stage,val,1.1719892071010483,1.896126891729972,0.391017707802933,62.75834466847744,74.50478579884559
31129,,incoming_trips,Soft Two-Stage,test,1.0557732267936903,1.7423266726526594,0.4248257618231287,60.63714519650579,72.223662085957
31129,,incoming_trips,GAM,val,1.2905211702904547,1.9707642961807899,0.3421312749349251,71.95065534600843,82.04000751781312
31129,,incoming_trips,GAM,test,1.2676340191895252,1.9000744126743447,0.3159600370067789,74.20812615317851,86.71670082849931
31129,,incoming_trips,XGBoost,val,1.147886804575715,1.915772875200525,0.3783328642280157,65.61069233939729,72.97256662267301
31129,,incoming_trips,XGBoost,test,1.0392852450898635,1.7619871827866396,0.41177192938214147,63.986832367804126,71.09574712388405
31129,,incoming_trips,LightGBM,val,1.1364580826778705,1.9106918372343475,0.38162607875070553,68.51297212953837,72.24602880833626
31129,,incoming_trips,LightGBM,test,1.0245028962809954,1.7558749311099278,0.4158459225549136,67.12817994561462,70.08451162547047
31129,,incoming_trips,Poisson,val,1.3869873805943485,2.0336645359993626,0.2994671590598038,64.84753516152115,88.17248236653275
31129,,incoming_trips,Poisson,test,1.2946361900407175,1.8776044622925987,0.33204304977159194,63.88474621043232,88.56387370014562
31129,,incoming_trips,Naive (same hour last week),val,1.6152795172492316,2.746386569538791,-0.27759499718220826,96.97364344998957,102.68529241459177
31129,,incoming_trips,Naive (same hour last week),test,1.4555314533622559,2.5035880177591063,-0.18758850244635505,92.36955038027297,99.5704467353952
31223,,outgoing_trips,Linear Regression,val,1.3105620609702224,1.9067749625742163,0.45290204288044733,57.417423883215946,58.60828198320501
31223,,outgoing_trips,Linear Regression,test,1.2396277155326711,1.8112248667050332,0.5119576788367683,58.761765685447344,55.954131205105206
31223,,outgoing_trips,Polynomial Regression,val,1.381771559478338,2.056124865454064,0.3638417229491616,61.57317842520703,61.79276785589737
31223,,outgoing_trips,Polynomial Regression,test,1.3633437500810046,1.9869753614142742,0.4126490120547137,67.38100255097359,61.53840714743375
31223,,outgoing_trips,Random Forest,val,1.285900205482635,1.8660621351842892,0.47601553304962707,57.997346927707994,57.50540481035633
31223,,outgoing_trips,Random Forest,test,1.2503550110909925,1.7877537200227014,0.5245245253295289,62.0435544547948,56.43833827439322
31223,,outgoing_trips,HistGradientBoosting,val,1.2241051079596217,1.8726157400380377,0.47232860627744133,53.05186519665993,54.74193056623909
31223,,outgoing_trips,HistGradientBoosting,test,1.1710582477554912,1.7778467295207432,0.529779700081116,54.48982667699269,52.859052780676876
31223,,outgoing_trips,Soft Two-Stage,val,1.2520522248182904,1.876981396003889,0.46986540257407206,52.17603446504111,55.99172449378332
31223,,outgoing_trips,Soft Two-Stage,test,1.1944091608979241,1.7864944964154335,0.5251941019884764,53.76155560226247,53.91306282043246
31223,,outgoing_trips,GAM,val,1.3840939259432137,1.9212807911818162,0.4445462626667247,61.022657400013046,61.89662398960919
31223,,outgoing_trips,GAM,test,1.3940687873458966,1.8799585665136316,0.47421366440176804,67.91412944523067,62.92526930359551
31223,,outgoing_trips,XGBoost,val,1.2877338136824508,1.935932254533519,0.43604230985119874,51.956904821547745,57.58740369436336
31223,,outgoing_trips,XGBoost,test,1.1997929227947366,1.7869049042129723,0.524975924517328,53.871936823643686,54.15607426312341
31223,,outgoing_trips,LightGBM,val,1.2169203067288157,1.8626794040573011,0.47791353201955866,53.10103933126096,54.420626547857374
31223,,outgoing_trips,LightGBM,test,1.175633734891822,1.7795365205167404,0.5288854141729402,54.87197257538314,53.06558043760613
31223,,outgoing_trips,Poisson,val,1.3788099536264218,1.9620046535101714,0.4207496858571388,52.82488901724132,61.66032496283535
31223,,outgoing_trips,Poisson,test,1.3374517100904666,1.8783408692722703,0.4751181493905525,56.17599547693282,60.36969610246018
31223,,outgoing_trips,Naive (same hour last week),val,1.7451895707616987,2.645600689032015,-0.053209582433094704,83.53764681338359,78.0448065173116
31223,,outgoing_trips,Naive (same hour last week),test,1.6403699052403242,2.4999600407812346,0.07022283935737805,85.17936696538771,74.04277248131925
31223,,incoming_trips,Linear Regression,val,1.2998975210670358,1.8740572363832222,0.44281491795532946,54.60983983731003,62.21120274374332
31223,,incoming_trips,Linear Regression,test,1.2772944357903102,1.8308318061072222,0.4765084906292363,56.51613503771616,59.509691293017696
31223,,incoming_trips,Polynomial Regression,val,1.3415656861715834,1.903085371570575,0.4254202437960046,62.32257902288987,64.20538045796108
31223,,incoming_trips,Polynomial Regression,test,1.363490498235765,1.9115327375702593,0.4293415853447192,66.22964996367111,63.525602521526935
31223,,incoming_trips,Random Forest,val,1.3059359927578105,1.8902610709960128,0.4331379808043603,58.017406960892295,62.500195207017484
31223,,incoming_trips,Random Forest,test,1.3004384986087494,1.8870966760580414,0.4438383430873015,59.97500637834818,60.587983028266144
31223,,incoming_trips,HistGradientBoosting,val,1.218056615181864,1.8798424426467857,0.43936955255041166,53.95839495878785,58.2944161461547
31223,,incoming_trips,HistGradientBoosting,test,1.231718561158047,1.8876139357939152,0.44353340962792476,55.27134851082651,57.38629189991135
31223,,incoming_trips,Soft Two-Stage,val,1.2453817478174134,1.8642385828709485,0.44863808674084593,52.7887877543844,59.602157209461325
31223,,incoming_trips,Soft Two-Stage,test,1.2481164970199095,1.8603264887674023,0.45950574165261115,54.40345870056304,58.150278709560574
31223,,incoming_trips,GAM,val,1.3758900499220437,1.9138727899159567,0.41888790502086715,60.82267351797086,65.84809453174209
31223,,incoming_trips,GAM,test,1.4506487201533498,1.953004406162201,0.40431153402010755,68.52161507040918,67.58634116927229
31223,,incoming_trips,XGBoost,val,1.2581335203994282,1.884601926914379,0.436527091267228,52.21406611864753,60.21243847901143
31223,,incoming_trips,XGBoost,test,1.245856575081247,1.867779151925512,0.45516651387752727,54.1547945508568,58.04498798476937
31223,,incoming_trips,LightGBM,val,1.2286098757066815,1.880356367878338,0.4390629720514685,53.746205591023696,58.79947982961957
31223,,incoming_trips,LightGBM,test,1.2294520576894623,1.8797176511963094,0.44817930456790933,55.02159035486673,57.28069453884043
31223,,incoming_trips,Poisson,val,1.360072878768599,1.9266428528107244,0.41110724653536745,52.82276370820348,65.09110774969815
31223,,incoming_trips,Poisson,test,1.3449756528837067,1.8860055257142798,0.44448132078289904,55.32612039288802,62.66298799791695
31223,,incoming_trips,Naive (same hour last week),val,1.6981669133553456,2.5666788162401777,-0.04514568338125691,83.45549343590274,81.27179598953792
31223,,incoming_trips,Naive (same hour last week),test,1.6235871674848728,2.465679479166611,0.050519638629950125,83.75859187071846,75.6436170212766
31267,,outgoing_trips,Linear Regression,val,1.0098511695443912,1.5033825806824221,0.4564455836617449,57.50774654559727,63.61729179535496
31267,,outgoing_trips,Linear Regression,test,1.0695601045853604,1.6254556168319692,0.435831523088526,56.202642850225615,63.56976966861079
31267,,outgoing_trips,Polynomial Regression,val,1.0805925807041885,1.6361781336336207,0.35617895359621177,60.34057508263329,68.07376729540158
31267,,outgoing_trips,Polynomial Regression,test,1.1754337073926742,1.919762867376046,0.21303800493937186,59.54055882484251,69.86241326628509
31267,,outgoing_trips,Random Forest,val,1.0281153897223911,1.4977901400617488,0.46048200387896154,56.99671814927293,64.76787740590848
31267,,outgoing_trips,Random Forest,test,1.1166036506384078,1.6376149570420673,0.427359345282053,59.15589488707377,66.36582327435579
31267,,outgoing_trips,HistGradientBoosting,val,0.9614989670043932,1.5105057887045528,0.4512825281923388,53.603125283014094,60.57126256777783
31267,,outgoing_trips,HistGradientBoosting,test,1.0384228807426323,1.6482848042509806,0.41987297857807815,54.817260706975866,61.719115236647326
31267,,outgoing_trips,Soft Two-Stage,val,0.9763475913397007,1.4955318341982196,0.4621077030975368,52.11830007727713,61.50667690960114
31267,,outgoing_trips,Soft Two-Stage,test,1.0519138376861037,1.6378568031112248,0.42719019548638726,53.06024626901751,62.52095612602688
31267,,outgoing_trips,GAM,val,1.0630402504254055,1.527897227081165,0.4385743035955548,59.99249310621846,66.96802839970117
31267,,outgoing_trips,GAM,test,1.1690253386570444,1.657042971235815,0.41369158581380994,61.201146112894136,69.48152908527551
31267,,outgoing_trips,XGBoost,val,0.9725114850150571,1.5026008453832638,0.4570107161902035,51.43780252471786,61.265014867933196
31267,,outgoing_trips,XGBoost,test,1.0581811285546983,1.6501812045595887,0.41853730413771495,52.304521642605174,62.893455282693914
31267,,outgoing_trips,LightGBM,val,0.9582112127018918,1.510532905029743,0.45126282706299703,53.7815922568473,60.364144894281424
31267,,outgoing_trips,LightGBM,test,1.035246934294497,1.6486684445301167,0.4196028966208535,54.99385827081878,61.53035147917147
31267,,outgoing_trips,Poisson,val,1.0686097240795602,1.5231847505874416,0.442032160957334,50.20337586451096,67.31888686408534
31267,,outgoing_trips,Poisson,test,1.1497814125265777,1.6787886604994804,0.3982021397959803,51.512102678841956,68.33775797190944
31267,,outgoing_trips,Naive (same hour last week),val,1.3127632927245816,2.060289075267118,-0.02084620895737399,79.24925290772337,82.69975613254913
31267,,outgoing_trips,Naive (same hour last week),test,1.373901130266012,2.1691776457600627,-0.004728740343128424,81.40627831655395,81.6584108027414
31267,,incoming_trips,Linear Regression,val,1.0045641099092188,1.53530459812229,0.4458745680207068,57.87637330755858,64.36920243184264
31267,,incoming_trips,Linear Regression,test,1.0604816479678953,1.613138741171097,0.397249260326626,59.21492080303371,65.80305153408045
31267,,incoming_trips,Polynomial Regression,val,1.0602627921230146,1.571151035330543,0.4196969495041909,60.167433688966156,67.93819291760734
31267,,incoming_trips,Polynomial Regression,test,1.1003531028653082,1.6520954215489463,0.3677853364929806,58.51036693287405,68.2770815244916
31267,,incoming_trips,Random Forest,val,1.0095303015208625,1.509649318048117,0.46423895627839784,57.61792659010797,64.68741984575571
31267,,incoming_trips,Random Forest,test,1.0788179939830147,1.60475995504007,0.4034944809080856,58.834956332116384,66.94082466206592
31267,,incoming_trips,HistGradientBoosting,val,0.953216975368082,1.521554190585092,0.4557557734590221,54.04754697571295,61.07904497452298
31267,,incoming_trips,HistGradientBoosting,test,1.0102638435125453,1.5945147293791924,0.4110866761403953,54.82122593998805,62.68702894110502
31267,,incoming_trips,Soft Two-Stage,val,0.9653676023505847,1.497256574501487,0.472999000133996,52.707281670710884,61.857617651165
31267,,incoming_trips,Soft Two-Stage,test,1.028947716690247,1.58677646761507,0.4167888591228339,53.79388417617669,63.84636618369136
31267,,incoming_trips,GAM,val,1.0618815778223147,1.5506058886249339,0.434774379199099,60.76940744094214,68.04191944271825
31267,,incoming_trips,GAM,test,1.161707118498768,1.6521290356802998,0.36775960969456534,64.03018261328694,72.08410775666414
31267,,incoming_trips,XGBoost,val,0.9650219927490452,1.5236393909218302,0.45426304204052215,52.230627023260844,61.83547211143841
31267,,incoming_trips,XGBoost,test,1.0250917369857582,1.6069764070166745,0.4018455877196706,52.64952355217726,63.60710204206755
31267,,incoming_trips,LightGBM,val,0.9529303227677378,1.5210123974287906,0.45614329209100823,53.89654168576732,61.060677207770055
31267,,incoming_trips,LightGBM,test,1.0090088817356637,1.5942164835170023,0.4113069620147368,54.624934522340475,62.60915836726183
31267,,incoming_trips,Poisson,val,1.073728440472086,1.5524045356979705,0.4334623358879526,50.67544043836669,68.80102788842439
31267,,incoming_trips,Poisson,test,1.11703537516463,1.5969106365039527,0.40931555208836323,50.97712713384463,69.31221912062196
31267,,incoming_trips,Naive (same hour last week),val,1.3242627803711715,2.097177991426577,-0.03392625685385231,82.65616775756111,84.8544539286496
31267,,incoming_trips,Naive (same hour last week),test,1.357689233930814,2.1405676611801883,-0.06133437184177648,84.27334435110951,84.24482856333239
31277,,outgoing_trips,Linear Regression,val,1.1737313339967896,2.064286560990126,0.5581323830409584,65.75830702959473,67.12823016535654
31277,,outgoing_trips,Linear Regression,test,1.1616222296222602,2.103501985096999,0.5879838994236957,67.67535989282703,66.14216413743338
31277,,outgoing_trips,Polynomial Regression,val,1.1883554454449077,2.157134247277992,0.5174897405846746,66.57881279432107,67.96461468608858
31277,,outgoing_trips,Polynomial Regression,test,1.268294061225331,2.5012396980208456,0.41744228126627325,68.38883163549238,72.21600261504697
31277,,outgoing_trips,Random Forest,val,1.2333362497557552,2.154641211636218,0.5186043862412868,69.06948534924773,70.53716403988277
31277,,outgoing_trips,Random Forest,test,1.3388547843542629,2.32800483194489,0.49534324605206337,83.45649687735212,76.23369340284071
31277,,outgoing_trips,HistGradientBoosting,val,1.7484914038483435,3.56384810579641,-0.31701455864513517,100.0,100.0
31277,,outgoing_trips,HistGradientBoosting,test,1.7562507135517753,3.7180115654932653,-0.2872111940527031,100.0,100.0
31277,,outgoing_trips,Soft Two-Stage,val,1.113590805498211,2.063630884533641,0.5584130380495889,55.010613063295324,63.688663441367375
31277,,outgoing_trips,Soft Two-Stage,test,1.1156070340654267,2.091260209211912,0.5927655749748189,57.189735787497085,63.52208289266771
31277,,outgoing_trips,GAM,val,1.222930706249956,2.0581202039932127,0.5607682999176111,66.78068234173949,69.94204853157103
31277,,outgoing_trips,GAM,test,1.2543761853015238,2.1237576217514404,0.5800106903386577,70.60504216574704,71.42352601609599
31277,,outgoing_trips,XGBoost,val,1.0920653683760084,2.092511316780482,0.5459665653282149,60.1993203911417,62.4575771989743
31277,,outgoing_trips,XGBoost,test,1.081641551298021,2.122007491263428,0.5807026084995583,61.29631079005786,61.58810601195713
31277,,outgoing_trips,LightGBM,val,1.0738742983318357,2.081104035531176,0.5509033794399356,62.13274031775219,61.41719061176345
31277,,outgoing_trips,LightGBM,test,1.051429514180035,2.089115393525533,0.5936004733518931,62.98531906754964,59.86784836964784
31277,,outgoing_trips,Poisson,val,1.2988235082896118,2.166823120539572,0.513145569879145,57.11782316511654,74.28252180313642
31277,,outgoing_trips,Poisson,test,1.3181025136332811,2.20069680083521,0.5490288502817898,60.55287262893033,75.05206992728279
31277,,outgoing_trips,Naive (same hour last week),val,1.5038141864966412,2.7863298967497685,0.1949603441871176,91.8849089901301,86.00638145471122
31277,,outgoing_trips,Naive (same hour last week),test,1.4835026829546751,2.813046765363398,0.2631446529002819,94.10148376908393,84.46986933628031
31277,,incoming_trips,Linear Regression,val,1.230087175349859,2.1807204145016743,0.610064424680886,69.62648639755368,69.34438806866375
31277,,incoming_trips,Linear Regression,test,1.2134725864067135,2.1733314077797488,0.6067545481764525,69.11094340404776,67.10105040616416
31277,,incoming_trips,Polynomial Regression,val,1.2057822907179367,2.236270892071243,0.5899453861480604,71.66699967229661,67.97423529766135
31277,,incoming_trips,Polynomial Regression,test,1.187518282750806,2.154483160338093,0.6135458247127192,68.84665639514759,65.66586261751458
31277,,incoming_trips,Random Forest,val,1.2200372247154527,2.1017498621773676,0.6377945871336175,66.90983912260262,68.77783661537754
31277,,incoming_trips,Random Forest,test,1.2324361979082903,2.107176254123869,0.630330582611472,68.68103397323942,68.14967586792118
31277,,incoming_trips,HistGradientBoosting,val,1.7738813617215075,3.9169332307547764,-0.2580132576520633,100.0,100.0
31277,,incoming_trips,HistGradientBoosting,test,1.8084256193629409,3.9091755085635453,-0.2722783422373347,100.0,100.0
31277,,incoming_trips,Soft Two-Stage,val,1.1492193668515749,2.109266782206397,0.6351990946896451,60.58156378028956,64.78558215056086
31277,,incoming_trips,Soft Two-Stage,test,1.1354564644571754,2.0812877428038874,0.639358210724758,60.804429834072785,62.78701497588636
31277,,incoming_trips,GAM,val,1.5915157142657228,2.4781214434472445,0.49645527311648985,88.09196912847605,89.71939998970375
31277,,incoming_trips,GAM,test,1.942040817226077,2.87008042940357,0.31419613153108605,105.98687561112683,107.38848180608085
31277,,incoming_trips,XGBoost,val,1.1206247492810455,2.1658321806406766,0.6153705927532747,61.53944058559587,63.17360188020169
31277,,incoming_trips,XGBoost,test,1.1092590870318981,2.1349904333335474,0.6205070933733727,62.24552617754588,61.33838600576008
31277,,incoming_trips,LightGBM,val,1.1108747186017698,2.164862047871389,0.6157150866853591,63.69974990757444,62.62395798125382
31277,,incoming_trips,LightGBM,test,1.0907145158345475,2.134780852286174,0.6205815954562413,62.9920015416896,60.312932097189396
31277,,incoming_trips,Poisson,val,1.3853059418845728,2.345334052597997,0.5489732508007596,62.06648745529269,78.09462187145189
31277,,incoming_trips,Poisson,test,1.4237028803681921,2.3399987882367177,0.5441278502960103,64.01642638634372,78.72609551227902
31277,,incoming_trips,Naive (same hour last week),val,1.5124672663099168,2.8654204193565143,0.3267605077303425,95.3736858863968,85.26315789473684
31277,,incoming_trips,Naive (same hour last week),test,1.5313391939719145,2.910527874506135,0.2947301443708873,96.71839858535819,84.67803030303031
