subset,horizon,target,model,val_R2,test_R2,test_MAE
calendar,1,outgoing_trips,Random Forest,0.5227772193209169,0.423548607909215,353.0247545369788
calendar,1,incoming_trips,Random Forest,0.5195158456136876,0.4209475720697117,352.76295802216845
calendar+weather,1,outgoing_trips,LightGBM,0.6155559649435722,0.49474543288806394,337.2510810101065
calendar+weather,1,incoming_trips,LightGBM,0.6131270801442055,0.49166639451044936,337.5534033763086
demand,1,outgoing_trips,Polynomial Regression,0.9626137003840335,0.9561912136758886,86.1711688905171
demand,1,incoming_trips,Polynomial Regression,0.9752910051563545,0.970944471572788,71.14175192780108
demand+calendar,1,outgoing_trips,Polynomial Regression,0.9681620599834281,0.9610743457298281,80.88023201621908
demand+calendar,1,incoming_trips,Polynomial Regression,0.9800105637685466,0.975413278618007,64.77628940994344
all,1,outgoing_trips,Polynomial Regression,0.9683914491171873,0.9608988778259645,82.12817313878266
all,1,incoming_trips,Polynomial Regression,0.9802754921958342,0.9755540323221646,65.27181920248354
calendar,4,outgoing_trips,Random Forest,0.5227772193209169,0.423548607909215,353.0247545369788
calendar,4,incoming_trips,Random Forest,0.5195158456136876,0.4209475720697117,352.76295802216845
calendar+weather,4,outgoing_trips,LightGBM,0.6129682020913371,0.4957054645179624,337.00098193716815
calendar+weather,4,incoming_trips,LightGBM,0.6127863846615702,0.49071777203629807,337.90498864126346
demand,4,outgoing_trips,Polynomial Regression,0.8862156772963414,0.8745356075707831,146.70638346486786
demand,4,incoming_trips,Polynomial Regression,0.890915983241283,0.8786590185629432,144.3462083535203
demand+calendar,4,outgoing_trips,Polynomial Regression,0.9091293837712308,0.8981183964625442,130.29280545823002
demand+calendar,4,incoming_trips,Polynomial Regression,0.9140407094203921,0.9022937698979876,126.90168816836788
all,4,outgoing_trips,Polynomial Regression,0.9267758104208302,0.9097319734549082,130.16841413159267
all,4,incoming_trips,Polynomial Regression,0.9297237962272525,0.9128960688822211,127.09938895437463
calendar,8,outgoing_trips,Random Forest,0.5227772193209169,0.423548607909215,353.0247545369788
calendar,8,incoming_trips,Random Forest,0.5195158456136876,0.4209475720697117,352.76295802216845
calendar+weather,8,outgoing_trips,Random Forest,0.6128548598551484,0.49891817709553876,336.9789070154602
calendar+weather,8,incoming_trips,Random Forest,0.6132457444949313,0.49984556854872475,336.5620757843158
demand,8,outgoing_trips,Polynomial Regression,0.8712283427311427,0.8658751034308246,151.14897928710002
demand,8,incoming_trips,Polynomial Regression,0.8713481473631897,0.8656794653027593,150.54721940664442
demand+calendar,8,outgoing_trips,Polynomial Regression,0.8955751296186527,0.8859474539896677,140.5962190043227
demand+calendar,8,incoming_trips,Polynomial Regression,0.8966816779188852,0.8861807832154066,140.3945787581959
all,8,outgoing_trips,Polynomial Regression,0.9177660395052814,0.8950601627276977,142.85672449668837
all,8,incoming_trips,Polynomial Regression,0.9166621098771374,0.8929406027171264,143.50194996148903
calendar,12,outgoing_trips,Random Forest,0.5227772193209169,0.423548607909215,353.0247545369788
calendar,12,incoming_trips,Random Forest,0.5195158456136876,0.4209475720697117,352.76295802216845
calendar+weather,12,outgoing_trips,LightGBM,0.6126735412286186,0.4964574864681016,336.6811898707084
calendar+weather,12,incoming_trips,Random Forest,0.6130024755275412,0.5019589409714567,335.6513809804188
demand,12,outgoing_trips,Polynomial Regression,0.8717738518943061,0.8660878535902987,148.90644820153116
demand,12,incoming_trips,Polynomial Regression,0.8718838546664214,0.8669844598570996,148.61616027430847
demand+calendar,12,outgoing_trips,Polynomial Regression,0.8883386168797363,0.8767399109576838,143.93156820267825
demand+calendar,12,incoming_trips,Polynomial Regression,0.8891302446067088,0.8778344190093114,143.2467799161083
all,12,outgoing_trips,Polynomial Regression,0.9087900912175075,0.8796566121072287,149.4247387937044
all,12,incoming_trips,Polynomial Regression,0.9078345470930308,0.8789762052295844,149.55052078412444
calendar,24,outgoing_trips,Random Forest,0.5227772193209169,0.423548607909215,353.0247545369788
calendar,24,incoming_trips,Random Forest,0.5195158456136876,0.4209475720697117,352.76295802216845
calendar+weather,24,outgoing_trips,Random Forest,0.6131338540013056,0.5017597323185513,335.9145169396012
calendar+weather,24,incoming_trips,Random Forest,0.6129950984089474,0.5031088922793865,335.2042529885263
demand,24,outgoing_trips,Polynomial Regression,0.8674725104817828,0.8619655858084222,150.63588694598
demand,24,incoming_trips,Polynomial Regression,0.8679028472558448,0.8632348028245084,150.37927319265114
demand+calendar,24,outgoing_trips,Polynomial Regression,0.8825806510650991,0.8716893310112538,142.54327235384218
demand+calendar,24,incoming_trips,Polynomial Regression,0.8836671039755782,0.8730639745153729,141.3071215166134
all,24,outgoing_trips,Polynomial Regression,0.9189445748716448,0.9048838466286119,132.39726315915956
all,24,incoming_trips,Polynomial Regression,0.9188275041907216,0.9046601642677965,132.27526948545574
