station_id,target,horizon,MAE,RMSE,R2,MAPE,WMAPE
31101,outgoing_trips,1,1.9723652206962683,2.8785667697504493,0.6198753109785755,58.17367480608879,41.05793418751007
31101,outgoing_trips,4,2.0248572677492973,2.946986876933153,0.6015903339589879,61.01302213450588,42.150640036637824
31101,outgoing_trips,8,2.050182595360781,2.978954707691209,0.5928998493228871,62.0784842410768,42.677827204327976
31101,outgoing_trips,12,2.065473156659104,2.9869729061260624,0.5907053864261125,62.17177620417469,42.99612467423318
31101,outgoing_trips,24,2.08637313987583,3.0255487209724774,0.5800652983542347,63.14816146870654,43.4311912260199
31101,incoming_trips,1,1.8680960815074523,2.72873466701479,0.7102520903332111,54.26330803525311,38.96055425954516
31101,incoming_trips,4,1.933334292131331,2.850798517891211,0.6837498476423636,57.58307230024782,40.32114639930075
31101,incoming_trips,8,1.9508753082553247,2.8778950269702808,0.677709434717086,58.36202564035875,40.686977534664486
31101,incoming_trips,12,1.9590706757478944,2.8854419523723283,0.6760168837111995,57.82795368547262,40.85789811151914
31101,incoming_trips,24,1.9779529950161177,2.913079818653018,0.6697806914195981,59.0216421311281,41.25170313668788
31104,outgoing_trips,1,1.7484897480175394,2.535539278143652,0.5931327128723632,59.78460646885046,42.52637020766287
31104,outgoing_trips,4,1.7953014280959645,2.6004596401973203,0.5720309885635544,61.65505697891916,43.66491324991684
31104,outgoing_trips,8,1.8101252391874847,2.618957673763946,0.5659207288088235,62.30924853184532,44.02545461373165
31104,outgoing_trips,12,1.823978572093756,2.634219070213112,0.5608469868596822,62.66332225084075,44.36239222772112
31104,outgoing_trips,24,1.837276291351828,2.655894091181968,0.5535903301830962,62.979811001415655,44.68581633285386
31104,incoming_trips,1,1.588253280536431,2.3445236291934246,0.6619129651945258,55.57895155756487,40.64484320629502
31104,incoming_trips,4,1.632333961533743,2.419996960279664,0.6397956699856906,58.01256468408008,41.77290784782207
31104,incoming_trips,8,1.6543259637951102,2.445988057402529,0.6320168330486251,58.8764278964206,42.33570314921369
31104,incoming_trips,12,1.6678288791642122,2.4570561884834,0.6286790400870701,58.923405917189264,42.68125501095432
31104,incoming_trips,24,1.6772342889272729,2.470923232791439,0.6244759173032078,59.86442169233046,42.92194798467286
31107,outgoing_trips,1,1.676253302468327,2.4134037940674604,0.5801710052259528,59.503410649656615,45.66528575615848
31107,outgoing_trips,4,1.723590342975912,2.473642241542815,0.5589516273338605,61.83712364140631,46.95486381601771
31107,outgoing_trips,8,1.7264491716249442,2.4863956065654547,0.5543920747638211,62.23153695339304,47.032745379021165
31107,outgoing_trips,12,1.7357421388826435,2.4918095762958483,0.5524493956870566,62.35346330038188,47.28590879097125
31107,outgoing_trips,24,1.7360751589134766,2.4952468985568803,0.5512137982926492,62.62406269164329,47.29498108025361
31107,incoming_trips,1,1.4451969019258004,2.160144510952116,0.6469325526045727,55.16956134759461,43.59130708346736
31107,incoming_trips,4,1.4761616541569276,2.207541405858206,0.6312688886520832,56.81229552656597,44.52529332539181
31107,incoming_trips,8,1.4899142559824885,2.2273212306432506,0.6246315392716268,57.59858051330462,44.940111464412055
31107,incoming_trips,12,1.496962382241136,2.2324758129171,0.6228921345798766,57.262732164896754,45.15270328196601
31107,incoming_trips,24,1.5040077360638038,2.239042957812228,0.6206702386026246,58.37247879575942,45.365211474854014
31108,outgoing_trips,1,1.3562378718613737,2.014568885562399,0.6096908677271686,55.534077799090966,44.48671504937187
31108,outgoing_trips,4,1.375603995634576,2.0519795981524807,0.59506012398224,56.796592088813,45.12195407917932
31108,outgoing_trips,8,1.3797967418890482,2.056547671136705,0.5932551802133834,57.08712653773731,45.259482688110594
31108,outgoing_trips,12,1.3907022451085986,2.065288843225131,0.5897901669515334,57.43073341744576,45.61720018314877
31108,outgoing_trips,24,1.395962931737193,2.0743281496122306,0.5861915159002303,57.66623612088815,45.78975890007143
31108,incoming_trips,1,1.3983917990998191,2.1057401733700707,0.6259454071874375,57.04718271869529,45.061120477946126
31108,incoming_trips,4,1.4238162985851346,2.1442264327861063,0.6121473911084223,58.68304773631726,45.88038760689866
31108,incoming_trips,8,1.4304370476660877,2.1567853715857384,0.6075907061335242,59.22204464426667,46.09373151536774
31108,incoming_trips,12,1.442857508021602,2.1751765628405817,0.6008699224287476,59.34483560414358,46.49396259569278
31108,incoming_trips,24,1.448787303456216,2.1813203977552016,0.5986120345130593,59.92980131171116,46.6850415384188
31114,outgoing_trips,1,1.5326802133152864,2.324218393836088,0.5210523199500348,62.90153929066492,51.923210166035936
31114,outgoing_trips,4,1.56602272223577,2.3711381581979807,0.5015197852052183,64.24577866874627,53.05276744948022
31114,outgoing_trips,8,1.5742308740706217,2.3816355147509825,0.497096333514884,64.60361253654764,53.33083823625826
31114,outgoing_trips,12,1.586451088120532,2.3855195914734004,0.4954546808018708,65.0590176946073,53.74482723205469
31114,outgoing_trips,24,1.589701892578625,2.402639137961818,0.4881870141215547,65.08033042345363,53.8549560127487
31114,incoming_trips,1,1.317457390152737,2.0529070161133984,0.6348967587521861,58.26002976944745,49.23041501854874
31114,incoming_trips,4,1.348348020826767,2.105160879206432,0.6160738338285052,60.10028032446342,50.38472830384665
31114,incoming_trips,8,1.3613759953282387,2.118342957966007,0.6112506487675818,61.095451200372096,50.87155436467595
31114,incoming_trips,12,1.3686327434576924,2.1285070937163053,0.6075111403563849,60.80901992727029,51.14272269601504
31114,incoming_trips,24,1.3760554660181843,2.136309029172059,0.604628570804209,61.680204814730544,51.42009311797472
31116,outgoing_trips,1,1.3938685443074972,2.067756349485526,0.5130810320259478,60.85559550164432,52.64269825624943
31116,outgoing_trips,4,1.420776988174126,2.1038198905835666,0.4959483040303108,61.74152399067518,53.65895843142968
31116,outgoing_trips,8,1.425741423746946,2.108316708721618,0.4937912265861247,62.19409964085568,53.84645192566187
31116,outgoing_trips,12,1.4351802231283108,2.1152770594808,0.4904433361784107,62.38123395806301,54.20293021033492
31116,outgoing_trips,24,1.4414938582256922,2.132993892491863,0.4818718472911037,62.756696635123234,54.441379373054666
31116,incoming_trips,1,1.2510211859776663,1.8970591653759343,0.6189161495739137,57.543845517204986,49.88025568089213
31116,incoming_trips,4,1.2695934736221015,1.926414149936991,0.6070311625269116,58.71074451638558,50.62076308929348
31116,incoming_trips,8,1.2752987533171491,1.932484752475999,0.604550578213721,59.487882923619765,50.84824189869314
31116,incoming_trips,12,1.2822753112328924,1.9429910168550684,0.6002390409498841,59.09780587489213,51.12640864479655
31116,incoming_trips,24,1.2900520996193263,1.9540711552134664,0.5956666715374421,59.920299211500485,51.43648188531356
31119,outgoing_trips,1,1.6289347849666345,2.349272611366662,0.5913838496237916,57.55207953341907,44.5424568603982
31119,outgoing_trips,4,1.6613978994452037,2.398043328328743,0.574242067438089,59.442377770838526,45.43014548339329
31119,outgoing_trips,8,1.6633422607182775,2.4010501000278155,0.5731737302270539,59.641859481625545,45.48331312946864
31119,outgoing_trips,12,1.6727506574368771,2.4062196228269834,0.5713338157281584,59.604527823545794,45.74058132020981
31119,outgoing_trips,24,1.6785866544322616,2.4175373015291868,0.5672918607441357,60.15204083773663,45.90016391787019
31119,incoming_trips,1,1.5225175243219375,2.220582245544396,0.6384419077772725,55.73171754137293,44.80640726921295
31119,incoming_trips,4,1.5521287623027753,2.2703814221559826,0.6220433345464117,57.60956898977538,45.677841040923326
31119,incoming_trips,8,1.5624092341843965,2.282713038645517,0.6179264277957757,58.31750008712121,45.98038666203382
31119,incoming_trips,12,1.56757936894533,2.288998389327064,0.6158194852995758,57.885381763400886,46.132539369660805
31119,incoming_trips,24,1.575194908122056,2.295011158243312,0.613798494266111,58.85765235911084,46.35665826778581
31124,outgoing_trips,1,1.7630896030706498,2.618561080369848,0.6222312404116672,57.87884424375538,41.53774230269466
31124,outgoing_trips,4,1.837680543431246,2.7234820656342738,0.5913517322558737,60.873827294664174,43.29507741114176
31124,outgoing_trips,8,1.8550859802130464,2.746925490743046,0.5842862571754945,61.50576369449683,43.705143097224365
31124,outgoing_trips,12,1.8734722472391303,2.765816791993396,0.5785486582532762,61.916456506491336,44.13831678295643
31124,outgoing_trips,24,1.878784508489558,2.774112945384783,0.5760165535918649,62.31817029865252,44.26347170331928
31124,incoming_trips,1,1.645226147420086,2.3533342542478155,0.6214129102019418,57.40934218907011,42.61706933593344
31124,incoming_trips,4,1.697031553497406,2.4295491601233667,0.5964940439052624,59.74106413074016,43.95900921832311
31124,incoming_trips,8,1.7052780570525503,2.448023482145677,0.5903341841707381,59.99461918384967,44.172622291723215
31124,incoming_trips,12,1.7194688931109223,2.4617659998693173,0.5857217758771252,59.96481530403125,44.5402142152912
31124,incoming_trips,24,1.7299604984107717,2.480059231769396,0.579541947848462,60.67121091815749,44.81198321872582
31125,outgoing_trips,1,1.5904591173215985,2.308190164601464,0.6135977823727826,58.48234750890122,44.96572547245047
31125,outgoing_trips,4,1.627595662199644,2.355622682259955,0.5975537426174349,61.03745565792988,46.01565606406081
31125,outgoing_trips,8,1.6365034915851342,2.370464578642288,0.5924664400357555,61.719861429390434,46.26749970237949
31125,outgoing_trips,12,1.650471688922865,2.387477758130313,0.5865955885238369,61.84904813300486,46.6624109075736
31125,outgoing_trips,24,1.6615274256665844,2.4053100550201507,0.5803970125815011,62.56712761190195,46.97498054102066
31125,incoming_trips,1,1.543175929484676,2.316069103081688,0.6895144719260624,56.63678321162122,43.22708742318679
31125,incoming_trips,4,1.586129947358689,2.3848259480885985,0.670806150103125,58.97131369415053,44.43030544281799
31125,incoming_trips,8,1.5993990603613657,2.403998340041837,0.6654918810614164,59.80253654525494,44.80199676902107
31125,incoming_trips,12,1.6104153669483383,2.416134973991467,0.6621058133404463,59.64656175857544,45.11058300265597
31125,incoming_trips,24,1.6250178059808658,2.4380157412071344,0.6559580925007442,60.65682308710906,45.51962314940165
31128,outgoing_trips,1,1.238905912965029,1.84014599912002,0.54039933481857,57.67854387323166,48.5985798363594
31128,outgoing_trips,4,1.255123079074873,1.868103926732806,0.5263275217307782,58.5204233087716,49.23473084158186
31128,outgoing_trips,8,1.2560307912078537,1.873907628619834,0.5233798012040634,58.81531177972006,49.27033767830888
31128,outgoing_trips,12,1.2651918138362377,1.886256401218302,0.5170773909675519,59.12591845619352,49.62969724300956
31128,outgoing_trips,24,1.2695350136872854,1.892577092183343,0.5138355000466612,59.28067146826114,49.80006800522608
31128,incoming_trips,1,1.32749016836961,1.93465715560171,0.5339237724915313,58.675334663036914,48.49635629274863
31128,incoming_trips,4,1.3463067328675395,1.964210327692528,0.5195757680906515,59.91103013062087,49.183769908186434
31128,incoming_trips,8,1.3494793316765128,1.970376276807856,0.5165547872601692,60.13395183220158,49.29967244809216
31128,incoming_trips,12,1.358090855083396,1.9764255567922984,0.5135817665728721,60.56251031504504,49.61427177041819
31128,incoming_trips,24,1.364032166245621,1.986794086980816,0.5084647801766435,60.51320641853484,49.83132192252833
31201,outgoing_trips,1,1.902671743315749,2.740237204999542,0.7000836101052889,54.82336093874021,37.486789031429566
31201,outgoing_trips,4,1.95953827978664,2.824663392349584,0.6813181822426025,57.90722536135776,38.60718400398402
31201,outgoing_trips,8,1.9755136806516564,2.854906389729155,0.6744575497731271,58.737392101943605,38.92193429342478
31201,outgoing_trips,12,1.9954608689569584,2.880415496009278,0.6686139976404659,58.72440641413926,39.314937470351126
31201,outgoing_trips,24,2.0254752715709943,2.929837924476248,0.6571445358426568,59.98720155338915,39.906286757294325
31201,incoming_trips,1,1.8637737394100533,2.7241714047587875,0.7454309123419507,53.61817769041938,36.35406788440633
31201,incoming_trips,4,1.9098331499676795,2.811887171824514,0.7287732080340636,56.84913950621663,37.25248538150964
31201,incoming_trips,8,1.938189176721569,2.858316737095044,0.7197423274279982,57.83392655595537,37.80558734863429
31201,incoming_trips,12,1.955530964044801,2.889636492191058,0.7135668805612255,57.51812908578775,38.14384971399268
31201,incoming_trips,24,1.9830637238779385,2.9267013713113053,0.7061716959408557,58.947877179185824,38.68089334694769
31202,outgoing_trips,1,1.713523467921655,2.4882650257837486,0.6485087390183522,56.609481182162455,42.09556306592747
31202,outgoing_trips,4,1.7643620289682675,2.567344963205956,0.6258121213761285,58.88912619963078,43.34449714403168
31202,outgoing_trips,8,1.783454664263337,2.5865404249706647,0.620195765980323,60.05676146002797,43.81353958681374
31202,outgoing_trips,12,1.8002455085498963,2.604571970956686,0.6148818503216696,60.06772725544124,44.226034692849446
31202,outgoing_trips,24,1.806185186392424,2.616847437517205,0.6112431369404351,60.694226090457335,44.37195278962034
31202,incoming_trips,1,1.6594070881819505,2.5354098572222856,0.7136585930201367,55.51478354581329,40.53305079724952
31202,incoming_trips,4,1.7012796500105063,2.6113396786988607,0.6962512206954954,58.300999778953056,41.55583941114372
31202,incoming_trips,8,1.7212508379399116,2.6413068426541,0.6892397096032414,59.340575804453465,42.04366013975762
31202,incoming_trips,12,1.73182575469121,2.6563761527473315,0.6856836654659331,58.87604637271394,42.3019654350102
31202,incoming_trips,24,1.7366600592450228,2.6661039677857032,0.6833773582480711,59.627310908090855,42.420049245453455
31203,outgoing_trips,1,1.6192923623590876,2.343623934411882,0.5573366310354044,60.03245817129672,47.28582030972912
31203,outgoing_trips,4,1.6575758459293377,2.3976980195685544,0.5366739646873491,61.94304377019151,48.40375674110708
31203,outgoing_trips,8,1.6658116918623291,2.4170541991723824,0.5291630760827569,62.39397718405911,48.6442560727526
31203,outgoing_trips,12,1.6773512478165464,2.427392802000485,0.525126586868301,62.55851077623264,48.98122880355103
31203,outgoing_trips,24,1.6820646353828974,2.4387917601540234,0.5206561345026671,63.12072479175757,49.11886694888747
31203,incoming_trips,1,1.5378653657995738,2.3858940522671657,0.6781663708674561,57.66377177806243,44.65197977604159
31203,incoming_trips,4,1.5808501827456878,2.4634576843305327,0.656901099122879,60.15805219887108,45.9000455818261
31203,incoming_trips,8,1.5898020486470186,2.4793824314071387,0.6524509125439435,60.8427045987946,46.15996335101016
31203,incoming_trips,12,1.5986357139444116,2.490947804568547,0.6492009825325791,60.37942254786083,46.41644916113336
31203,incoming_trips,24,1.6042690741878378,2.4986332957830624,0.6470329548163379,61.44744786286994,46.58001399148497
31212,outgoing_trips,1,1.2842852395886577,1.8647775960476385,0.5114651296513929,59.569348674744674,50.71710736500024
31212,outgoing_trips,4,1.296883313422307,1.8853649938488988,0.500618602202312,60.36873743201765,51.21461200300265
31212,outgoing_trips,8,1.301392624919607,1.894772280378124,0.495622705779839,60.6118953105269,51.39268711303353
31212,outgoing_trips,12,1.3102785234909131,1.901905256654688,0.4918180447088041,61.07608104769077,51.7435959750086
31212,outgoing_trips,24,1.3193730187410633,1.9170311038561936,0.4837027627703804,61.38488129711512,52.10274243080691
31212,incoming_trips,1,1.314907670538234,1.8928631978988464,0.4897365815857425,60.15255954029151,50.33554602615442
31212,incoming_trips,4,1.3358042905395713,1.9202964016830628,0.4748389410227143,60.93466065734607,51.135482631161686
31212,incoming_trips,8,1.3422634846707675,1.929976071134246,0.4695312214361514,61.47232617063138,51.38274490726478
31212,incoming_trips,12,1.355165803557676,1.9433083683399133,0.4621769381177523,61.82705224072594,51.87665431301814
31212,incoming_trips,24,1.3614523238019185,1.9547999467320856,0.4557973951669796,62.14404101160195,52.11730651711465
31213,outgoing_trips,1,1.2420822498065884,1.9433425514953084,0.6778241277003463,58.536809172630896,47.83414714234922
31213,outgoing_trips,4,1.2580903685927214,1.9749600462958896,0.6672554727096485,59.51226068211495,48.45063989845079
31213,outgoing_trips,8,1.2600821244456697,1.984451626399912,0.6640494730696689,59.6135406315566,48.52734491742709
31213,outgoing_trips,12,1.2796865174086864,2.013958904059432,0.6539845416794033,60.78697485007621,49.28233470797874
31213,outgoing_trips,24,1.2823003010535323,2.028305768219999,0.6490371530652048,60.58037153215069,49.38299479831117
31213,incoming_trips,1,1.2148336268326017,1.94038733572468,0.7040051340528419,57.6838453219893,44.99631147423359
31213,incoming_trips,4,1.2396640357994055,1.990206419035744,0.6886107893375275,58.82701001154725,45.91600680635569
31213,incoming_trips,8,1.2399911873960403,1.9942415548426315,0.6873468284599449,58.9549896236712,45.92812419824897
31213,incoming_trips,12,1.253484142617366,2.006978710941598,0.6833402629658074,59.689080131916974,46.42789075264508
31213,incoming_trips,24,1.258652310084774,2.0197770021278427,0.6792887746959655,60.08214644926081,46.61931488511728
31214,outgoing_trips,1,1.566283005723018,2.303701242959495,0.6091313595724577,57.72077882245564,44.32370395169266
31214,outgoing_trips,4,1.6080263929969167,2.360484065423956,0.5896252217939105,59.63638201884624,45.504985707741
31214,outgoing_trips,8,1.6253408224482775,2.383266522142668,0.5816654445177983,60.17988782567832,45.99496079033492
31214,outgoing_trips,12,1.645540325904848,2.406085973937235,0.5736160998486131,60.60312808076278,46.56657958968908
31214,outgoing_trips,24,1.654087757530761,2.421624893760092,0.5680909941214067,60.99587873697207,46.80846041681293
31214,incoming_trips,1,1.4974147319140425,2.2718554156131088,0.6867122359196431,55.40149037481964,42.21117287858876
31214,incoming_trips,4,1.539832751477931,2.3402568443516216,0.6675631918580709,57.38215329320416,43.40690998389289
31214,incoming_trips,8,1.5552914055505154,2.365688750644732,0.6602986559894941,57.666510911315086,43.84267965118745
31214,incoming_trips,12,1.5688002079449666,2.381554035309937,0.6557270228966141,57.51272434469089,44.22348423464844
31214,incoming_trips,24,1.5729592708518398,2.390388060375887,0.6531682258070701,58.29781876956244,44.34072558377725
31228,outgoing_trips,1,1.4175644607382805,2.131352066906343,0.5513874354803643,61.71773509612072,49.40099909129704
31228,outgoing_trips,4,1.4395908436038638,2.1689103827972764,0.5354373830070502,62.25114258417618,50.16860109463772
31228,outgoing_trips,8,1.4519006349218668,2.1848949576503265,0.5285646235926316,62.71607130577818,50.59758757571669
31228,outgoing_trips,12,1.4613937450906078,2.196624199405264,0.523489393964872,62.79474399369439,50.92841494886861
31228,outgoing_trips,24,1.4736586009031127,2.205774177528092,0.5195113421155724,63.253611155475866,51.355835463158925
31228,incoming_trips,1,1.4376039480983374,2.158286881093643,0.57331563110568,58.26580402797544,46.81204870587508
31228,incoming_trips,4,1.471338820717408,2.2080219078346706,0.5534242383187724,59.707938564348325,47.91054214158064
31228,incoming_trips,8,1.481145566967963,2.217412022537307,0.5496178319614373,60.377556049375045,48.22987479487114
31228,incoming_trips,12,1.499843463381617,2.237589511762222,0.5413839739526665,61.03074489088692,48.83872595917909
31228,incoming_trips,24,1.5117395157710043,2.252004502815628,0.5354559515129198,61.31914818808812,49.22609174556017
31229,outgoing_trips,1,2.1436234202228706,3.1175940450430537,0.7194243160757474,54.75769553405646,36.12575044778567
31229,outgoing_trips,4,2.233802569880172,3.2655170021331927,0.6921672640077374,58.529220924007774,37.64550873432951
31229,outgoing_trips,8,2.266650972361978,3.3239377506810497,0.6810543615789835,59.909823700265406,38.19909159756525
31229,outgoing_trips,12,2.274658772468785,3.32176731478186,0.6814707502753992,59.79265212472363,38.334044306872826
31229,outgoing_trips,24,2.3042536916111085,3.3681180850149945,0.6725194415205634,61.180888706627165,38.83279733101494
31229,incoming_trips,1,2.074626920702033,3.070105597844492,0.7536393225488683,52.01323666679431,34.946166654030094
31229,incoming_trips,4,2.149668940235891,3.200450379476674,0.7322762133407124,55.51490994357887,36.21021605708988
31229,incoming_trips,8,2.183109661204206,3.2477414294084754,0.7243057849124942,56.70609361284373,36.7735101107476
31229,incoming_trips,12,2.1982228133433184,3.2617141305315767,0.7219284531182719,56.51555212753088,37.028084428689255
31229,incoming_trips,24,2.2246859333860587,3.3005121743930705,0.7152737942782476,58.11076236172919,37.47384390186059
31230,outgoing_trips,1,1.0374783674512964,1.7281446696394178,0.5672370276903685,59.78772776689131,56.38665314287606
31230,outgoing_trips,4,1.0515384628479034,1.7504723898118544,0.5559821467348278,59.66260665847314,57.15081531449978
31230,outgoing_trips,8,1.0627882353776883,1.7721203991308738,0.5449319423545247,60.2967864402379,57.76223724046397
31230,outgoing_trips,12,1.0749710627391005,1.787110194403123,0.5372008345390675,61.021090380591126,58.42437043020464
31230,outgoing_trips,24,1.085567117540351,1.8013120006812309,0.5298160637308843,61.42757494283314,59.00026298421403
31230,incoming_trips,1,1.1093151796107723,1.873723418723807,0.6143388973643724,62.03508490766206,54.41583589947779
31230,incoming_trips,4,1.1409426424884133,1.9311437011257808,0.5903395358828688,62.6203973048972,55.96727489670705
31230,incoming_trips,8,1.1483861378017988,1.932464129075768,0.5897791300910536,63.30180923851437,56.33240468753334
31230,incoming_trips,12,1.1527550631917385,1.9408044748756548,0.5862305342291014,63.17919474003104,56.54671594140029
31230,incoming_trips,24,1.158520808692446,1.9505853866752216,0.5820495459063211,63.24479343663456,56.82954616564256
31232,outgoing_trips,1,1.108804606676156,1.901333079843858,0.4711530082225257,62.747392997666864,59.8178094966522
31232,outgoing_trips,4,1.1251877306027287,1.928478383101817,0.4559445313258931,63.324474951326415,60.701646540707685
31232,outgoing_trips,8,1.140868128543712,1.9449188012674088,0.4466287663764108,64.18071962290188,61.5475729115199
31232,outgoing_trips,12,1.146150462137998,1.9559645356310995,0.4403254197970814,64.33666494183926,61.83254433275884
31232,outgoing_trips,24,1.1550810708549415,1.9654882708319497,0.4348619577016837,64.72529716569142,62.31433296143406
31232,incoming_trips,1,1.1616237154152855,1.925315845170648,0.473537733071098,63.41308812664899,59.4106161586038
31232,incoming_trips,4,1.1865898081940294,1.970003553205873,0.4488151164644246,64.63411719449356,60.68749346006951
31232,incoming_trips,8,1.1967177251754717,1.9821020585785845,0.4420242757660568,65.53730194767746,61.20548029202356
31232,incoming_trips,12,1.2056034877360418,1.9955372063574284,0.43443446197057,65.68088415170644,61.65993780847828
31232,incoming_trips,24,1.2137748752232078,2.0076182126526976,0.4275658522274338,65.78755763539151,62.07785899848229
31234,outgoing_trips,1,1.4297785054931005,2.221330330191674,0.5774701216568224,58.244303382815545,48.47466587812684
31234,outgoing_trips,4,1.483394339532664,2.2933788163238216,0.5496162372934394,59.14411386654365,50.29243669427754
31234,outgoing_trips,8,1.494558261183656,2.317788174333968,0.539977983920122,59.52402260218535,50.67093404183333
31234,outgoing_trips,12,1.5056605949999604,2.324435633818861,0.5373354966416297,59.81021545069459,51.047343338899374
31234,outgoing_trips,24,1.5125637837830357,2.323986784678521,0.537514160667721,60.23249200008943,51.28138642212351
31234,incoming_trips,1,1.4309067375067366,2.211729262724248,0.6053583817726012,57.57631126093708,47.336602008616936
31234,incoming_trips,4,1.472622399093871,2.2712841817496257,0.5838193272761303,58.51315697446302,48.71662043911023
31234,incoming_trips,8,1.4862808862264902,2.291876117937442,0.5762387572412682,59.25802855776428,49.168464261275176
31234,incoming_trips,12,1.5004073752430371,2.3081937340013363,0.5701831166391205,59.403298449305694,49.635790307639695
31234,incoming_trips,24,1.5069783538875956,2.309055296202495,0.5698621876920988,59.8886079650107,49.85316841674454
31236,outgoing_trips,1,1.4826404641025457,2.350657687577766,0.6969791741714108,60.096297696959454,45.326333548826206
31236,outgoing_trips,4,1.5510512505346326,2.474722296083172,0.6641490046474727,62.1483261339859,47.4177442442946
31236,outgoing_trips,8,1.5719157394337755,2.4980291763768854,0.6577931406189437,63.53382207774082,48.055600019896126
31236,outgoing_trips,12,1.5725473374968757,2.4919837377660694,0.6594474745694188,63.11259099090763,48.07490883087897
31236,outgoing_trips,24,1.6069878501997703,2.542005305523188,0.6456384417261585,64.56479866968778,49.12780210079853
31236,incoming_trips,1,1.5530244936775923,2.406404676229826,0.6379745176009897,62.13173080542382,47.047838481382186
31236,incoming_trips,4,1.6159921019898524,2.515871598173731,0.6042884196167999,64.23544882805841,48.95540006685268
31236,incoming_trips,8,1.6334622226249738,2.5386663095206616,0.5970853540133774,65.07560629149948,49.484645688694165
31236,incoming_trips,12,1.6380599552616844,2.541615483398597,0.5961486767118561,65.234584978818,49.62393092428006
31236,incoming_trips,24,1.6621133988545167,2.584134977624964,0.5825233362009306,65.89375056304173,50.35261391265766
31241,outgoing_trips,1,1.2392245191650748,1.8309946250717413,0.4696064745103125,58.90284525901792,55.40486735422843
31241,outgoing_trips,4,1.261463508579826,1.862723254107667,0.451065220494553,59.96791310331909,56.39915712138583
31241,outgoing_trips,8,1.2688214616806,1.8684017405612123,0.4477132787078506,60.64090964641699,56.72812609290171
31241,outgoing_trips,12,1.277317205525,1.8760453109427973,0.443185261820912,60.73327539591787,57.10796489813421
31241,outgoing_trips,24,1.2898747290986792,1.8960235105863907,0.4312629622049809,61.28298142143058,57.66940305331699
31241,incoming_trips,1,1.1898305751523657,1.7992635728698514,0.4644024400415986,59.65080135995153,54.94082981580247
31241,incoming_trips,4,1.2074689654090494,1.8243594323217365,0.449357374069475,60.36966881842864,55.75528846021332
31241,incoming_trips,8,1.2139362726653598,1.83449364036476,0.4432228086748018,60.44501207260424,56.0539185633185
31241,incoming_trips,12,1.2226064794479214,1.8447427971071144,0.4369840979707233,60.64421337099417,56.4542682981936
31241,incoming_trips,24,1.2322039036993595,1.8580558949627588,0.4288284543379095,60.64607191185306,56.89743261375239
31247,outgoing_trips,1,1.4524515131719171,2.7765983809055483,0.6023538184390482,70.43140039235536,56.30210127399904
31247,outgoing_trips,4,1.5371416440489412,2.9508589978063915,0.5508746174613708,72.89782917073164,59.5849869898419
31247,outgoing_trips,8,1.5715878002242636,3.007646176189162,0.5334220913970773,74.40450981147202,60.92024049461996
31247,outgoing_trips,12,1.591576376126256,3.049066562316118,0.5204824630225515,74.44752673507519,61.69506761590492
31247,outgoing_trips,24,1.6127170086968556,3.0694416456775904,0.5140523941373045,75.10354948721066,62.51455248351814
31247,incoming_trips,1,1.5662139566681783,2.905319043564584,0.5756519593119376,73.2932866546796,57.883831419648
31247,incoming_trips,4,1.6658010992717764,3.098752896219895,0.5172653965718087,75.70973869273809,61.564353706841736
31247,incoming_trips,8,1.7095191550555602,3.154781641562451,0.4996508694012218,77.37931365774828,63.18007712713777
31247,incoming_trips,12,1.732331665132617,3.2021206643979045,0.4845222476076016,77.27696287586248,64.02317744682107
31247,incoming_trips,24,1.7736772592923238,3.2730192980798205,0.4614430042922602,77.98213069231157,65.55121989089226
31248,outgoing_trips,1,1.3138720388859697,2.632405930427451,0.5970305152477065,68.66393053857863,59.873082506644856
31248,outgoing_trips,4,1.3785164909406888,2.7871562648929,0.5482594501698845,69.34464191637112,62.818926924454985
31248,outgoing_trips,8,1.4062157227256986,2.841907151235626,0.5303371505050228,70.17279274109987,64.08117951903853
31248,outgoing_trips,12,1.4179543507080097,2.857605681219737,0.5251340386588786,70.30120573298365,64.61610820379511
31248,outgoing_trips,24,1.432721271564841,2.892075198252974,0.5136089207190206,70.10674034019168,65.28903604201885
31248,incoming_trips,1,1.3749428869436997,2.6014872435610648,0.554972655012878,70.39450072140622,60.78088597325056
31248,incoming_trips,4,1.4628642282232545,2.7667698073327123,0.4966276555841666,73.42248103779532,64.66754706272073
31248,incoming_trips,8,1.489818733550871,2.8122250031331504,0.479952005009322,74.5550587896929,65.85910107586595
31248,incoming_trips,12,1.4978225352094794,2.830448175740312,0.4731903628757146,74.79021170719092,66.21291806752716
31248,incoming_trips,24,1.516933727508022,2.8702363331164165,0.458275332929263,74.97060959474724,67.0577496681274
31249,outgoing_trips,1,1.23870857924866,2.505466478182965,0.5727288373448531,72.289609715157,64.07138564803954
31249,outgoing_trips,4,1.3031075369829943,2.652808762742036,0.5209969526611316,74.7512667286588,67.40237933408557
31249,outgoing_trips,8,1.3566307866987757,2.764211760026096,0.4799213687334452,76.58239651282489,70.17083418385836
31249,outgoing_trips,12,1.3640221814281634,2.7875289143648576,0.471110248884605,76.94437445547182,70.55314920945602
31249,outgoing_trips,24,1.396296976244549,2.88193233958359,0.4346805205121242,77.63543622029323,72.22254172036143
31249,incoming_trips,1,1.233987645711484,2.4176332809523675,0.603950654076123,72.74317802732418,63.37436405034822
31249,incoming_trips,4,1.308369601636407,2.5961546781285576,0.5433015081330241,74.29750504246212,67.19442592045318
31249,incoming_trips,8,1.3499903963154236,2.697625223458782,0.5069037759961577,76.08790221001811,69.33196060584459
31249,incoming_trips,12,1.3688668692366477,2.741243178155456,0.4908290974354926,77.00238344059447,70.30140667044148
31249,incoming_trips,24,1.3965702287402786,2.819406222586225,0.4613784104591281,77.17208999249829,71.72417844348344
31257,outgoing_trips,1,1.2617238428865152,1.956292566782961,0.5907995994376283,58.88159644796433,49.84862038720337
31257,outgoing_trips,4,1.2805595054434835,1.9856021555829275,0.5784462937769308,59.56750361891895,50.59278623445861
31257,outgoing_trips,8,1.2888119409094936,1.994015954698132,0.574866137553065,60.293401757024334,50.91882629872013
31257,outgoing_trips,12,1.2996256347047723,2.01504766351566,0.5658507178642553,60.34710902889559,51.34605743968922
31257,outgoing_trips,24,1.3093697418359769,2.0265053067710705,0.5608995002831676,60.74945009884334,51.73103098214399
31257,incoming_trips,1,1.2875407598704314,1.938647464751164,0.5402041471249655,58.36565846623238,50.02026752286485
31257,incoming_trips,4,1.3106109882438135,1.9773351114721192,0.5216696660634534,59.2314940630075,50.91653351382758
31257,incoming_trips,8,1.3177678557968748,1.989763817258072,0.5156375970050289,59.75908794984024,51.19457397731229
31257,incoming_trips,12,1.326508108047144,1.9989791753369377,0.5111406720911421,60.01206368706907,51.53412808651172
31257,incoming_trips,24,1.3314471057267314,2.008106099585756,0.5066664205381666,60.21240230046851,51.72600549569963
31258,outgoing_trips,1,1.658496461852063,3.031801399097476,0.6079151189775513,73.53908101408263,57.33421679505158
31258,outgoing_trips,4,1.745729860615439,3.205727354020275,0.5616391464009285,75.35500926393568,60.34987508043822
31258,outgoing_trips,8,1.787685404613636,3.269547192615543,0.5440115748430288,76.51382699207149,61.80027808742488
31258,outgoing_trips,12,1.7985288068704892,3.290885356683569,0.5380402854042672,76.34394656627606,62.17513446492724
31258,outgoing_trips,24,1.8351778652804367,3.3576782608410727,0.5190978090555687,77.5996178149714,63.44209228397738
31258,incoming_trips,1,1.6623836195159958,2.985265809488148,0.6036878326523748,71.84938943111784,57.0207476634579
31258,incoming_trips,4,1.7577896779742277,3.155084370915109,0.5573164880568613,74.35917993823307,60.29323225789575
31258,incoming_trips,8,1.811542200846873,3.2335398558332127,0.5350268997447245,75.60261201966985,62.13697578797682
31258,incoming_trips,12,1.827831181850128,3.259622769439316,0.527495359950577,75.53683423027762,62.69569753221048
31258,incoming_trips,24,1.8590556182590765,3.312521517531158,0.5120348478274068,76.23242127220323,63.766714287011474
31265,outgoing_trips,1,1.2625119070958324,1.860407168442516,0.5101573228961394,60.50497938768539,53.35492518697479
31265,outgoing_trips,4,1.2760309887566594,1.883657840396878,0.4978370734496108,60.98811957093236,53.92625412776021
31265,outgoing_trips,8,1.2809547396103045,1.894100434241747,0.4922538737260499,61.37812659985965,54.13433640956603
31265,outgoing_trips,12,1.289716963729081,1.9015910327885868,0.4882299657792111,61.35927223174226,54.50463613482109
31265,outgoing_trips,24,1.3048741880760493,1.9244624621794648,0.47584528100961,62.44333480519083,55.14519450621498
31265,incoming_trips,1,1.244758963578095,1.902261201294815,0.576794722739044,58.845602881736205,51.84917139994547
31265,incoming_trips,4,1.2604857134633936,1.9231747331651567,0.5674381006229031,59.68508824034463,52.50425320632426
31265,incoming_trips,8,1.26940196449047,1.9317231018107168,0.5635841434014769,60.43351076615213,52.87565059431248
31265,incoming_trips,12,1.2790633502555282,1.94806888446174,0.5561672004952974,60.37177825231576,53.27808581362076
31265,incoming_trips,24,1.283647042544877,1.956876158370012,0.5521449676902873,60.89432366339569,53.46901486423139
31266,outgoing_trips,1,1.4885421225245867,2.135188074789767,0.5592918364005206,57.979363312207646,46.31830775939769
31266,outgoing_trips,4,1.5170056201344906,2.1813221537688703,0.5400417158256503,59.07657983871298,47.203993842616086
31266,outgoing_trips,8,1.5301213677254206,2.2016385614107423,0.5314338929629787,59.60151083020215,47.61211076736993
31266,outgoing_trips,12,1.538830799372695,2.208199129914922,0.5286372121381772,59.43858435795403,47.88311830511008
31266,outgoing_trips,24,1.539512497756236,2.206785750353366,0.529240419804406,59.8750542463661,47.90433041261456
31266,incoming_trips,1,1.4064857672305804,2.0868541607941755,0.632322072243884,56.22669279137899,44.43589970845713
31266,incoming_trips,4,1.4288408455885169,2.13232593369089,0.6161243737424935,57.397068343015626,45.14217633281568
31266,incoming_trips,8,1.4476369928450792,2.157068917802109,0.6071638898684746,57.87334673323381,45.73601363558667
31266,incoming_trips,12,1.4604152259876744,2.176381497191972,0.6000981527766851,57.54493071120466,46.1397235767784
31266,incoming_trips,24,1.4639207375677008,2.177742010464429,0.5995980181924578,58.09821065954856,46.25047518523839
31271,outgoing_trips,1,1.1028178253427243,2.0807332960706897,0.4816173048798527,67.41306230429625,63.16341680623111
31271,outgoing_trips,4,1.123271032699998,2.126546761761312,0.4585385576862039,67.28689520252934,64.33486546406384
31271,outgoing_trips,8,1.1350016704513706,2.143028157800276,0.450113045799519,68.38717991700989,65.00673269785887
31271,outgoing_trips,12,1.14053497344463,2.1542166295973155,0.4443562804643305,68.58411357820059,65.3236502478357
31271,outgoing_trips,24,1.141235893179475,2.1534686542222112,0.444742068654146,68.5647807468776,65.36379512429885
31271,incoming_trips,1,1.0991199809553036,1.9719728769434453,0.4652351579971263,66.17186677752008,62.2474583808839
31271,incoming_trips,4,1.1300881567924368,2.032109522020701,0.432121803808734,66.2618995031829,64.0013071598665
31271,incoming_trips,8,1.1397895777092115,2.047186730244784,0.4236638141161898,67.26301259306055,64.55073652628337
31271,incoming_trips,12,1.1471336932436274,2.057238573168233,0.4179902100889293,67.20381719582447,64.96666247976808
31271,incoming_trips,24,1.145209698133891,2.0542131707903013,0.4197007740334707,67.47212562739172,64.85769912035919
31278,outgoing_trips,1,1.2741156867383645,1.914844526219814,0.5294179238027176,58.4323308067504,52.19333691956475
31278,outgoing_trips,4,1.2967272826370169,1.946601017858762,0.5136798789880546,59.17894483186181,53.1196065317446
31278,outgoing_trips,8,1.3101332227393554,1.963628793669892,0.5051345546264984,59.726646585703214,53.66877232239273
31278,outgoing_trips,12,1.3243486807150089,1.9752665969614047,0.4992513520140547,60.122339473909136,54.25109949669237
31278,outgoing_trips,24,1.3349465854854694,1.99364019377339,0.4898922662316077,60.303021464273655,54.68523590995804
31278,incoming_trips,1,1.225754042754558,1.8692711102738644,0.6116633251404914,58.04122807713764,48.98430358831634
31278,incoming_trips,4,1.2461390833506805,1.9005829939441,0.5985444210338406,59.16794570756122,49.798942563503104
31278,incoming_trips,8,1.261143586504662,1.9208684914338985,0.5899289736765523,59.91269028433972,50.39856133859995
31278,incoming_trips,12,1.270893024076731,1.9343020234807595,0.5841732805987685,59.68759512398469,50.78817409384108
31278,incoming_trips,24,1.2873524118332655,1.9555322514083544,0.5749952484371527,60.49921202392166,51.4459338226461
31281,outgoing_trips,1,1.528669214695063,2.2332931093316115,0.6187326718297835,57.461445345675365,44.93158943461092
31281,outgoing_trips,4,1.5639691179589956,2.283339007918596,0.6014535626386813,59.25030617571978,45.96914598725786
31281,outgoing_trips,8,1.581491632907409,2.309778281069602,0.5921704165196716,59.85963948908054,46.4841785658926
31281,outgoing_trips,12,1.5992198448663488,2.322409711655096,0.587697643542625,60.150856230087925,47.005257118068286
31281,outgoing_trips,24,1.6073729360276454,2.3414935959021563,0.5808937979233564,60.68564982614999,47.24489780760452
31281,incoming_trips,1,1.4456970891066236,2.21800522452349,0.7025326792408588,55.060090056445546,42.29271167791629
31281,incoming_trips,4,1.4812698638906,2.279786822526905,0.6857302280791238,57.11033962518061,43.33336474338788
31281,incoming_trips,8,1.4989358979227445,2.3010136059790347,0.6798507375791284,57.74812367219268,43.85017043487298
31281,incoming_trips,12,1.5093573740130486,2.317184631612053,0.6753350460317031,57.35280588763023,44.15504237994821
31281,incoming_trips,24,1.5195663923650506,2.32565775468238,0.6729563355440039,58.68799686010527,44.45369904387121
31288,outgoing_trips,1,1.5594189755583696,2.981905101293739,0.6552053697928085,68.5708634289318,53.98794785342198
31288,outgoing_trips,4,1.6447354780918575,3.1415855163254696,0.6172892779047798,71.87960711395195,56.9416523818442
31288,outgoing_trips,8,1.6856027803868514,3.2301312227578807,0.5954118215887264,73.87766874620384,58.35650100161436
31288,outgoing_trips,12,1.6919957733559872,3.245045199442833,0.5916671138940528,73.72447471287897,58.57782995583041
31288,outgoing_trips,24,1.7052536597057542,3.269881682916851,0.5853927094601636,74.74146162565717,59.03682531763914
31288,incoming_trips,1,1.5715049701284662,2.8550027944642,0.620310214477056,71.19311568558047,54.27764997379825
31288,incoming_trips,4,1.6705715361013302,3.045559530152869,0.5679340676933047,75.04313113078065,57.69927478198561
31288,incoming_trips,8,1.7033783224826944,3.1044835965805904,0.5510535131247835,76.70856448317704,58.83237668227886
31288,incoming_trips,12,1.71537504246932,3.1217618132054903,0.5460423217595128,77.1792009044716,59.246727117463614
31288,incoming_trips,24,1.7297611436365892,3.146101777149567,0.5389358292067468,78.04198529578188,59.74360353751137
31289,outgoing_trips,1,1.3044771810436184,2.4606791953570046,0.5461412150674032,73.45996273212002,63.56205845995245
31289,outgoing_trips,4,1.361770214011291,2.5558555582033,0.5103526998484652,74.96874691146306,66.3537233229022
31289,outgoing_trips,8,1.4027239000474716,2.632978217777079,0.4803567576913995,75.2863898228615,68.34923587291836
31289,outgoing_trips,12,1.4227014736526835,2.6676595958042046,0.4665772015960767,75.82759546193968,69.32266470696405
31289,outgoing_trips,24,1.4634958546902577,2.732744752059612,0.440230941107986,77.36001739749183,71.31041494899848
31289,incoming_trips,1,1.3314055708707069,2.407321531566165,0.5288633070149155,71.69345303289197,63.79530303750831
31289,incoming_trips,4,1.3862509034426875,2.4912879111304425,0.4954240228593497,72.17963905609679,66.42325855172045
31289,incoming_trips,8,1.4407734495889295,2.5685810659483086,0.4636290078940533,73.84329831717834,69.03574751066431
31289,incoming_trips,12,1.4633552998369015,2.61109841436128,0.4457251019780867,74.55604741357874,70.11777391286334
31289,incoming_trips,24,1.493732114587558,2.655963298838174,0.4265139375377527,74.9506537515353,71.57330192380974
31290,outgoing_trips,1,1.044574948002424,2.2741478697140827,0.5552427993739195,75.02958196487931,67.29502772545773
31290,outgoing_trips,4,1.1081629206204962,2.432832517925172,0.491009106590634,77.18180486166877,71.3915785651289
31290,outgoing_trips,8,1.1363334721446596,2.492930594217763,0.465551376312893,78.38389864335777,73.20642014206437
31290,outgoing_trips,12,1.1462735888490885,2.533337555955768,0.4480856182949558,78.29583783348318,73.84679585708419
31290,outgoing_trips,24,1.1642139406526235,2.5761230092165834,0.4292856647166534,79.32005310412914,75.00257359647196
31290,incoming_trips,1,1.0472294734957854,2.272602354609186,0.5316453807881062,77.16028879011017,68.3559353032982
31290,incoming_trips,4,1.1079605558985155,2.403038450225471,0.4763400704270446,79.48494688578674,72.32004254501156
31290,incoming_trips,8,1.1322199074896602,2.464898500424609,0.4490324966299115,80.38218866294442,73.90352611745983
31290,incoming_trips,12,1.1393308555638222,2.495531821784764,0.4352527464601281,80.82671162105666,74.36767988585974
31290,incoming_trips,24,1.1632974638553335,2.558344130190373,0.4064656915929533,81.10652053962498,75.93205518972252
31321,outgoing_trips,1,1.090487803113367,2.1282059597248564,0.5078367102185894,71.73940505664557,64.68194397961656
31321,outgoing_trips,4,1.1211912958456485,2.203298830122145,0.4724924080810513,72.15412155315298,66.50311207633258
31321,outgoing_trips,8,1.1340691443209043,2.225551751271923,0.4617831357087075,73.07773031762719,67.26695764276293
31321,outgoing_trips,12,1.1434126060593413,2.237227540437776,0.4561210875356636,73.39574010016348,67.82116216207605
31321,outgoing_trips,24,1.150556995122451,2.2587130149112062,0.4456245173036258,73.82425802064868,68.2449293714197
31321,incoming_trips,1,1.1573641052534895,2.130842019920983,0.4484155506762999,70.8261994032053,67.16591928652565
31321,incoming_trips,4,1.1968156480431245,2.217461826546615,0.4026597033300977,71.83088990773399,69.4554314000512
31321,incoming_trips,8,1.2075035931319866,2.2358277492364302,0.3927238951872479,72.82440970279663,70.0756905336452
31321,incoming_trips,12,1.2102272263304368,2.2414691161592737,0.3896555109168663,72.86164225036428,70.23375257025306
31321,incoming_trips,24,1.2169843466127557,2.2543312914530893,0.3826307595844853,72.95698819227084,70.62589208229726
31324,outgoing_trips,1,1.4707024948743126,2.1905740471431105,0.6282185222933447,59.946011914243726,45.860953229392656
31324,outgoing_trips,4,1.5128104731377598,2.250945523525733,0.6074437989082352,61.84162368956524,47.1740073844339
31324,outgoing_trips,8,1.5158253250457965,2.257780008058272,0.6050563645667335,62.289861175110296,47.26801958801
31324,outgoing_trips,12,1.533312273646125,2.273515464703525,0.5995321109832543,62.9708816384501,47.813315550095794
31324,outgoing_trips,24,1.5396958548724071,2.290941347466664,0.5933696275710669,63.19986048422707,48.01237492551324
31324,incoming_trips,1,1.4668706365815172,2.1467668500269124,0.6060179394517466,59.05768169735121,46.256912103317646
31324,incoming_trips,4,1.4948624083679796,2.1892052591395483,0.5902870868538289,60.36916879449375,47.13961634106831
31324,incoming_trips,8,1.5016048452750448,2.197191043435576,0.5872925329945953,61.08985873009307,47.35223516620146
31324,incoming_trips,12,1.5148084622320075,2.2122925506943623,0.581599879975095,61.400366853157365,47.768603545111446
31324,incoming_trips,24,1.5311695930619995,2.238678090730816,0.5715600258308899,62.24924509723245,48.28454228697456
31600,outgoing_trips,1,1.870131214400761,2.754553970152915,0.7188749644422956,54.50215890157504,37.27665226984108
31600,outgoing_trips,4,1.9282788640901043,2.8579062018865438,0.6973832984442505,57.69468625017116,38.43568843858004
31600,outgoing_trips,8,1.936670720039648,2.870911997349014,0.6946227275065122,58.67903349486072,38.60296028224581
31600,outgoing_trips,12,1.9622867907518555,2.912919585494039,0.6856206999667642,59.04452500034897,39.1135561982466
31600,outgoing_trips,24,1.9792530078405604,2.936942062428758,0.6804140266266263,60.34749144286291,39.45173769582293
31600,incoming_trips,1,1.889732451209713,2.730931075340971,0.7263261708458988,53.136844967827415,37.270420706910166
31600,incoming_trips,4,1.944205920028556,2.822405338614949,0.7076853645412138,56.17984654051301,38.34477866638923
31600,incoming_trips,8,1.9671326734415675,2.853521643023248,0.7012044454244881,57.16222136702084,38.79695365264166
31600,incoming_trips,12,1.988117156051612,2.8894322264680445,0.6936366465918647,57.052402576740725,39.21082202575054
31600,incoming_trips,24,2.0062906554959548,2.9177280066908167,0.6876069248195649,58.42273924810431,39.56925052687188
31603,outgoing_trips,1,1.6850966583282003,2.539528646115187,0.6998551432130976,54.54199266765522,38.71819110279559
31603,outgoing_trips,4,1.777822962007589,2.7076499880897544,0.6587994517346021,57.03088761010257,40.84874826007836
31603,outgoing_trips,8,1.8260864037495117,2.7833003998784323,0.639467153343978,58.07919215347859,41.95768948989264
31603,outgoing_trips,12,1.8606676457202904,2.8299896073691446,0.6272699951590854,58.46858681775282,42.75225704694006
31603,outgoing_trips,24,1.890857289106637,2.861742771842048,0.6188588300477491,59.78599422678504,43.44591955952109
31603,incoming_trips,1,1.7062217258184873,2.559241663023421,0.7007470525180666,55.27434542965485,39.06115027821257
31603,incoming_trips,4,1.810417767079512,2.7332404047291736,0.658672321804068,58.42615036829368,41.44654788774031
31603,incoming_trips,8,1.8623554955907224,2.8181144570984005,0.6371450115262924,59.423142057194,42.635577067117445
31603,incoming_trips,12,1.89827876404576,2.862723658879765,0.6255665006467462,59.69837249627715,43.457981427801386
31603,incoming_trips,24,1.9261357010547289,2.895405803710316,0.6169682952083221,60.98059988414045,44.09572034902867
31609,outgoing_trips,1,1.3046859969340416,2.0525438833883296,0.4967466499055923,64.09816909908363,56.438881109962814
31609,outgoing_trips,4,1.3233465320212832,2.0830333217920267,0.4816844873515556,64.62255104240087,57.24610961069943
31609,outgoing_trips,8,1.3343542037604674,2.1004498771762043,0.4729808243584404,64.96203241461508,57.72228600720039
31609,outgoing_trips,12,1.347826106728777,2.1223336422625945,0.4619420047974382,65.35845700214803,58.30506158058751
31609,outgoing_trips,24,1.3496191936454376,2.1252347100575517,0.46047003117815,65.34409238060289,58.382627998520285
31609,incoming_trips,1,1.335665022623241,2.180689656721083,0.5515755775409488,63.48791929790064,53.83594833720016
31609,incoming_trips,4,1.3706206759914903,2.2283428323302026,0.5317631962916431,65.02007165021767,55.24488749256575
31609,incoming_trips,8,1.3784815632585168,2.244889927238661,0.5247833672614125,65.36183639867656,55.561732145696695
31609,incoming_trips,12,1.386637137386404,2.2559239283097243,0.520100351670179,65.31754625231152,55.8904545873062
31609,incoming_trips,24,1.3905815544404971,2.2638206187748025,0.5167347668946447,65.78189622472269,56.04944013319366
31615,outgoing_trips,1,1.382751034770277,2.0567222237087983,0.6494007337871308,59.445286549125285,44.15587995753712
31615,outgoing_trips,4,1.4180363034641297,2.1213393852887714,0.6270247345858062,61.45141751226531,45.28265697634734
31615,outgoing_trips,8,1.4214825468910437,2.132548405904273,0.6230727665889038,61.80958296103491,45.39270709183219
31615,outgoing_trips,12,1.4400510542032612,2.1517353893377043,0.616259668321387,62.22130933734212,45.98566183151542
31615,outgoing_trips,24,1.4500684555377954,2.168619164171925,0.6102139395184318,62.81942327174153,46.30555106659211
31615,incoming_trips,1,1.4021504022226117,2.0993080937681032,0.6636470882722189,57.65694287641641,44.37095044281895
31615,incoming_trips,4,1.429288805109519,2.162694312458996,0.6430288589097889,59.23580471609863,45.22974328535813
31615,incoming_trips,8,1.436267850564786,2.173349654850968,0.6395026834540267,59.89107337892469,45.450594685851954
31615,incoming_trips,12,1.4534643205119426,2.2009840825453657,0.6302768582866114,60.094506467205925,45.99477576272302
31615,incoming_trips,24,1.4671221457056864,2.2221962330123106,0.6231160478916582,60.97455274074542,46.42697667631094
31616,outgoing_trips,1,1.0901167888267902,1.6393743932477918,0.5431528096826381,56.54406062469272,50.83767944486133
31616,outgoing_trips,4,1.1035851112973378,1.6569076807173162,0.533328492262024,57.09951283394357,51.4657756887093
31616,outgoing_trips,8,1.1101595649219482,1.6665018249412382,0.5279084238990963,57.34421928639738,51.77237583405039
31616,outgoing_trips,12,1.1178320780071525,1.6749672385410888,0.5231000272031386,57.61360140165861,52.13018406593892
31616,outgoing_trips,24,1.1278759783935786,1.6912813550614108,0.5137648103968371,57.96849403085895,52.5985821251696
31616,incoming_trips,1,1.1259825386226905,1.7088790190548733,0.5730077672665512,57.05796505876509,52.1410576568657
31616,incoming_trips,4,1.1411995552612066,1.7364570819849998,0.5591148742099858,57.861623522381855,52.84571453625646
31616,incoming_trips,8,1.1487008778863008,1.746840497224205,0.5538264274131619,58.03989726605992,53.19307951047374
31616,incoming_trips,12,1.155564560718985,1.7535184066418632,0.5504085975531148,57.79630571292633,53.51091719448897
31616,incoming_trips,24,1.1616256071397302,1.7641861639090997,0.5449216623960713,58.431902270269696,53.79158706284376
31623,outgoing_trips,1,2.1623985360700093,3.2736959259496663,0.8053853959153608,51.557866620118034,33.17356822390264
31623,outgoing_trips,4,2.249952538983301,3.4618536582639003,0.7823713031630459,55.13681015495199,34.51674277774715
31623,outgoing_trips,8,2.2610662517134954,3.480558530894916,0.78001319402218,56.32250778714239,34.687239335771096
31623,outgoing_trips,12,2.3213708726547804,3.608721732715616,0.7635139424064643,57.0174257927962,35.61237844571893
31623,outgoing_trips,24,2.3691291691220124,3.685182273626339,0.7533865844497004,59.867194307537694,36.34504316024119
31623,incoming_trips,1,2.155880758419117,3.2833910995186666,0.8262300392817042,50.753656325562005,32.90815859153227
31623,incoming_trips,4,2.2807276363527413,3.56192583154651,0.7954972210355706,54.49335061428391,34.81386735703472
31623,incoming_trips,8,2.2887867484303395,3.5697650198225186,0.794596079362935,55.32125622392658,34.9368846145156
31623,incoming_trips,12,2.340967974919736,3.6869684911126273,0.780886910711291,56.01013961049532,35.73339809055447
31623,incoming_trips,24,2.371828922399009,3.746593655415973,0.7737426707184353,57.49733002160554,36.20447096875834
31627,outgoing_trips,1,1.6290314674023585,2.465454538191223,0.6801684858886731,57.340822202151685,40.396032566041725
31627,outgoing_trips,4,1.6696357979514798,2.537011968427989,0.6613334617146645,59.696939877573385,41.4029215623606
31627,outgoing_trips,8,1.682938309058246,2.565856390857653,0.6535887818823684,60.28996126364713,41.73279160025247
31627,outgoing_trips,12,1.6995570896858356,2.583344738804841,0.6488505545044472,60.60126481169243,42.144897085550745
31627,outgoing_trips,24,1.700202786224266,2.585027521180789,0.6483929302879552,60.95486629734373,42.16090879491067
31627,incoming_trips,1,1.7231548675759658,2.566588472093375,0.652310465989854,58.95350048657183,42.22204236746548
31627,incoming_trips,4,1.7946218785690873,2.682733626376309,0.6201306574023746,62.49092604934824,43.97318106242939
31627,incoming_trips,8,1.810717442234652,2.707068287998933,0.6132079296057878,63.59146278548871,44.36756672317486
31627,incoming_trips,12,1.8256116365240456,2.720033045657841,0.6094941897946682,63.55381320781683,44.73251552385968
31627,incoming_trips,24,1.827539543989029,2.724931113778753,0.6080865258540086,64.22746176743392,44.77975456905448
31628,outgoing_trips,1,1.32654311845041,2.0313399463119466,0.5863355361903275,58.3388841968007,48.094669375831536
31628,outgoing_trips,4,1.3476796518423906,2.0673221890673834,0.5715508079912552,59.33104295486196,48.86098791542489
31628,outgoing_trips,8,1.35821901490283,2.0878604823351745,0.5629954641608392,59.90218215826374,49.24309926542444
31628,outgoing_trips,12,1.375091436008896,2.105270685958127,0.5556769099416171,60.235838615400326,49.85481968625323
31628,outgoing_trips,24,1.3782088326691957,2.114741189814886,0.5516703674367763,60.7453396420603,49.96784289643397
31628,incoming_trips,1,1.375425565159747,2.136231782695975,0.6160157602675278,60.77760736261286,49.16082806347108
31628,incoming_trips,4,1.4034339614703322,2.1907790614551925,0.5961558295879159,62.02167639670763,50.16191164824385
31628,incoming_trips,8,1.4148728853423975,2.2067389308906438,0.5902503711903654,62.74260050128828,50.57076472175819
31628,incoming_trips,12,1.419361443147497,2.2167035509172144,0.5865415338872779,62.60505096087432,50.7311959541701
31628,incoming_trips,24,1.4346067408391745,2.2336079418595505,0.5802114918674204,63.69337430201942,51.2760974578076
31646,outgoing_trips,1,1.270992207287626,2.1292173992175605,0.4980864430441761,63.26137251187214,57.97636050219933
31646,outgoing_trips,4,1.309446790131522,2.204030402107896,0.4621959416152633,65.005989943272,59.730467840652025
31646,outgoing_trips,8,1.3288067835952502,2.2424407774540462,0.443287621494553,66.0167454873185,60.61357471883552
31646,outgoing_trips,12,1.3354989366827252,2.254919429012269,0.4370744370760016,65.78527909883827,60.91883755027596
31646,outgoing_trips,24,1.3461619998844183,2.267682763625981,0.4306838396862257,66.44990303521966,61.40523360580992
31646,incoming_trips,1,1.287188326717716,2.133059967368141,0.5590708728944218,62.78049105918582,54.63501915933551
31646,incoming_trips,4,1.333192746362834,2.2110959636950223,0.5262187798868366,64.80514354301205,56.587687853227685
31646,incoming_trips,8,1.350263552019103,2.243177892220066,0.5123703658334199,65.67908411684313,57.3122623189345
31646,incoming_trips,12,1.357039152936231,2.262866149990476,0.5037730005879323,65.60024346499932,57.599854334989566
31646,incoming_trips,24,1.374523534287137,2.290518040965767,0.491571259938815,66.34872905291346,58.34198312086175
