model,H,n_stations,feat,fm,wins,p,ci_lo,ci_hi,p_holm
TimesFM,1,47,0.5924055420798442,0.5728166123650937,13,1.4826906635789783e-07,-0.02565497733787057,-0.013859356884201536,2.9653813271579565e-06
Chronos-Bolt,1,47,0.5924055420798442,0.5835341095878094,20,0.10703229649324442,-0.016574242671808462,-0.0018315679981796191,1.0
Chronos-2,1,47,0.5924055420798442,0.5930090602349434,28,0.6482152018696183,-0.005967066832037769,0.006560532913187359,1.0
Chronos-2 + cov.,1,47,0.5924055420798442,0.5861290604018273,21,0.23625031629687498,-0.013908082696214479,0.0007270259152340618,1.0
TimesFM,4,47,0.5602597303906707,0.5422210523582857,14,0.0002462108246277239,-0.026865720759943878,-0.00943937813104937,0.003939373194043583
Chronos-Bolt,4,47,0.5602597303906707,0.5592149135722078,24,0.9790948359343616,-0.00983967799219416,0.0074752422690681315,1.0
Chronos-2,4,47,0.5602597303906707,0.5684211520645248,31,0.030367033680235522,0.0010617106881052663,0.015124686320635943,0.36440440416282627
Chronos-2 + cov.,4,47,0.5602597303906707,0.5712378857300824,33,0.011028287398175962,0.0033451501798023625,0.018557693564792976,0.15439602357446347
TimesFM,8,47,0.5576386710405348,0.5332568055965421,10,9.861699609814423e-06,-0.03458855689876923,-0.015108524020919693,0.00016764889336684519
Chronos-Bolt,8,47,0.5576386710405348,0.5512784385794463,24,0.6482152018696183,-0.016054156914945876,0.002367344617493413,1.0
Chronos-2,8,47,0.5576386710405348,0.5591703757483955,29,0.4339918923510311,-0.00572600519284852,0.008317781058103943,1.0
Chronos-2 + cov.,8,47,0.5576386710405348,0.5658649580710335,31,0.04420811536772362,0.0006172421990564004,0.015460729986816317,0.48628926904495984
TimesFM,12,47,0.5545592028569045,0.5298258642146219,13,5.303354257080173e-06,-0.03467295595118246,-0.015336642397044607,9.546037662744311e-05
Chronos-Bolt,12,47,0.5545592028569045,0.546603198579644,19,0.24909348600894532,-0.0176082039565958,0.0008402516437037174,1.0
Chronos-2,12,47,0.5545592028569045,0.5535293891944831,26,0.9874560002606501,-0.008645431017104244,0.006200487114895251,1.0
Chronos-2 + cov.,12,47,0.5545592028569045,0.5669034750824625,34,0.002850260217229561,0.005054954468364933,0.019463304227710216,0.042753903258443415
TimesFM,24,47,0.5490119909543532,0.5252216479191841,11,2.9620061354762584e-06,-0.033905874948700315,-0.013738985474020969,5.627811657404891e-05
Chronos-Bolt,24,47,0.5490119909543532,0.54070261989266,18,0.12440802178115007,-0.018400614585586436,0.001455608654644446,1.0
Chronos-2,24,47,0.5490119909543532,0.5451251642950594,20,0.30023376261351586,-0.012589809323158544,0.004880098632851785,1.0
Chronos-2 + cov.,24,47,0.5490119909543532,0.5599239036004402,33,0.01977795947502159,0.002855775666523676,0.019477261813610623,0.25711347317528066
