model,slug,H,feat,fm,wins_series,n_series,wins_stations,n_stations,p_series,p_station,ci_lo,ci_hi,mae_lower,p_holm
TimesFM,timesfm,1,0.6026000786598585,0.5859146347769346,22,94,15,47,4.1383842224464297e-07,1.7859117221519227e-05,-0.023434454183097263,-0.010253082198045325,27,0.00035718234443038455
TimesFM,timesfm,4,0.5695652844847989,0.5554277794851192,33,94,17,47,0.00016889258072263678,0.007440283981267726,-0.023649199975424803,-0.0050439139521497684,30,0.08184312379394498
TimesFM,timesfm,8,0.5662722142185573,0.546405921358617,27,94,13,47,1.5105292037721886e-05,0.000937802418562228,-0.0309659251031556,-0.0097250075673575,27,0.015942641115557876
TimesFM,timesfm,12,0.5615736047090142,0.5431314784293136,28,94,16,47,1.916920428728136e-05,0.0017276441736413517,-0.030106794655863526,-0.006947882091995588,27,0.024187018430978924
TimesFM,timesfm,24,0.5570758250464423,0.5383890978599225,23,94,14,47,8.524706312419598e-07,0.0004688346954253575,-0.02968299132199384,-0.007734754598970889,18,0.008439024517656435
Chronos-Bolt,chronos_bolt,1,0.6026000786598585,0.5976677647577314,41,94,23,47,0.21824428910095317,0.46558182628133693,-0.013057368555661851,0.0026482450816849436,79,1.0
Chronos-Bolt,chronos_bolt,4,0.5695652844847989,0.5727339415393387,52,94,26,47,0.28674517028582214,0.42782307119850316,-0.006112818465545187,0.01221975309978272,82,1.0
Chronos-Bolt,chronos_bolt,8,0.5662722142185573,0.5645974982757009,50,94,26,47,0.8342243049874707,0.7253889850950657,-0.01216806487488005,0.008137055536918715,79,1.0
Chronos-Bolt,chronos_bolt,12,0.5615736047090142,0.5602224468484276,46,94,21,47,0.810753297287229,0.8791929357418553,-0.012544973444968114,0.009568116888833434,81,1.0
Chronos-Bolt,chronos_bolt,24,0.5570758250464423,0.5538415285482148,42,94,21,47,0.3334217211271461,0.6406818488860608,-0.014103602176424677,0.0076371102650806206,78,1.0
Chronos-2,chronos2_nocov,1,0.6026000786598585,0.6065574756880595,54,94,30,47,0.15133253162557292,0.2198512228443974,-0.00309488499283176,0.010633701588422523,82,1.0
Chronos-2,chronos2_nocov,4,0.5695652844847989,0.5816108539159972,62,94,32,47,0.0004500409394133485,0.004920633231805027,0.0043595640843340855,0.01969125066903894,89,0.06174468662821653
Chronos-2,chronos2_nocov,8,0.5662722142185573,0.5723863619041659,58,94,31,47,0.04585671478737096,0.11423281349964043,-0.0020065841941759466,0.014099987739856929,85,1.0
Chronos-2,chronos2_nocov,12,0.5615736047090142,0.5668179990163213,51,94,27,47,0.2850426649205402,0.4096199329785293,-0.004117039488326493,0.014970407592648787,79,1.0
Chronos-2,chronos2_nocov,24,0.5570758250464423,0.5584350627921317,50,94,22,47,0.9293863283197914,0.9874560002606501,-0.008286635483325979,0.011343016679443959,79,1.0
Chronos-2 + cov.,chronos2,1,0.6026000786598585,0.6002393172872658,46,94,23,47,0.6253118531248547,0.8135301153625676,-0.01036287609428806,0.005173229172224904,78,1.0
Chronos-2 + cov.,chronos2,4,0.5695652844847989,0.5847323412886491,64,94,34,47,1.7314091391457143e-05,0.0011077197896440794,0.007055052997731508,0.023162942658404528,89,0.01772351663430527
Chronos-2 + cov.,chronos2,8,0.5662722142185573,0.5793492055389857,66,94,34,47,0.00014296160237780943,0.004749591279093579,0.004811986454164386,0.021213901633749317,92,0.06174468662821653
Chronos-2 + cov.,chronos2,12,0.5615736047090142,0.5801625105261804,68,94,35,47,1.6912313543324134e-06,0.00032591645381785384,0.009718921446583689,0.027824019655615227,90,0.006192412622539223
Chronos-2 + cov.,chronos2,24,0.5570758250464423,0.5734493456870868,68,94,35,47,1.0513337073316318e-05,0.0013590021453779855,0.007581340775261699,0.02554663807906222,91,0.020385032180669782
