target,horizon,MAE,RMSE,R2,MAPE,WMAPE
outgoing_trips,1,75.8486699394908,123.58142483303462,0.9622350785451753,21.70633153217898,9.971443627730931
outgoing_trips,4,118.52466034935495,198.6343878068664,0.9024356710117765,31.950229630370558,15.58184171340635
outgoing_trips,8,130.35123872588196,217.4536720065161,0.8830727647188044,37.422544924957215,17.136622564337014
outgoing_trips,12,131.70847128667657,222.10687814965056,0.8780150632604666,35.77158688242031,17.315051111343585
outgoing_trips,24,136.67307911862085,229.55561274176895,0.8696959178588137,38.809344445104976,17.967723164387056
incoming_trips,1,74.45250599383492,121.03230189243463,0.9635257020242662,21.482254365996916,9.78784408058839
incoming_trips,4,118.00890512615595,197.6752030483766,0.9027053987286053,31.908568660896407,15.513954138647899
incoming_trips,8,130.06656010960154,217.40535535608197,0.8823139920753201,36.767834379167695,17.099104905302653
incoming_trips,12,131.6614624957187,222.16993457237032,0.87709913777959,34.91574221114605,17.308777577440317
incoming_trips,24,136.08043155611372,228.93180053116257,0.8695041791866749,37.93144646970452,17.889714103118475
